county_fips,state_code,region,as_weighted_avg20062011,ba_weighted_avg20062011,be_weighted_avg20062011,cd_weighted_avg20062011,cr_weighted_avg20062011,hg_weighted_avg20062011,se_weighted_avg20062011,u_weighted_avg20002011
02013,AK,AKHI,0.42,5.49,0.14,0.04,1.29,0.14,0.51,0.62
02016,AK,AKHI,0.52,3.31,0.14,0.04,0.74,0.14,1.7,0.58
02050,AK,AKHI,2.84,159.5,0.14,0.06,2.85,0.14,0.57,0.59
02060,AK,AKHI,4.55,1.6,0.14,0.04,0.5,0.14,0.59,0.58
02070,AK,AKHI,5.58,11.77,0.14,0.04,2.99,0.14,0.45,0.53
02090,AK,AKHI,0.87,62.16,0.14,0.04,1.06,0.14,0.48,0.99
02100,AK,AKHI,0.86,12.76,0.15,0.04,0.65,0.14,1.78,0.71
02110,AK,AKHI,0.42,41.32,0.14,0.04,0.06,0.14,0.89,0.71
02122,AK,AKHI,4.77,37.55,0.14,0.04,0.44,0.14,0.47,0.97
02158,AK,AKHI,3.34,46.49,0.18,0.04,0.86,0.15,0.66,0.61
02164,AK,AKHI,3.52,1.75,0.14,0.04,0.75,0.14,0.53,0.76
02170,AK,AKHI,2.52,16.72,0.15,0.04,0.47,0.14,0.48,0.51
02180,AK,AKHI,1.11,13.32,0.14,0.08,1.08,0.14,1.42,1.38
02185,AK,AKHI,0.34,4.65,0.14,0.04,0.58,0.14,0.61,0.7
02188,AK,AKHI,0.53,57.39,0.14,0.05,1.42,0.14,0.58,0.86
02195,AK,AKHI,0.31,6.6,0.15,0.04,0.36,0.14,0.42,0.71
02220,AK,AKHI,0.35,12.4,0.14,0.04,0.07,0.14,0.42,0.71
02230,AK,AKHI,0.35,49.23,0.14,0.04,0.06,0.14,0.42,0.73
02240,AK,AKHI,0.94,59,0.14,0.04,0.38,0.14,0.55,1.6
02261,AK,AKHI,0.76,9.35,0.14,0.04,0.1,0.14,0.44,0.67
02290,AK,AKHI,0.69,86.65,0.14,0.05,1.28,0.14,0.78,0.76
04001,AZ,SW,2.96,164.87,0.17,0.12,0.82,0.18,1.8,5.18
04003,AZ,SW,3.68,115.69,0.14,0.04,1.55,0.14,0.57,3.08
04005,AZ,SW,2.16,298.06,0.14,0.04,1.78,0.14,0.79,1.78
04007,AZ,SW,2.45,71.22,0.14,0.04,0.64,0.14,0.44,4.35
04009,AZ,SW,6.39,29.12,0.14,0.04,0.89,0.14,0.61,3.09
04012,AZ,SW,2.81,50.94,0.14,0.04,2.93,0.14,1.33,3.1
04013,AZ,SW,5.62,69.03,0.15,0.05,8.05,0.14,0.99,2.57
04015,AZ,SW,4.23,27.64,0.14,0.04,14.28,0.17,2.05,6.3
04017,AZ,SW,4.56,55.51,0.14,0.04,0.87,0.15,1.76,4.19
04019,AZ,SW,3.47,92.5,0.14,0.04,0.25,0.14,0.48,4.43
04021,AZ,SW,6.04,38.43,0.14,0.48,4.48,0.14,1.92,9
04023,AZ,SW,5.15,20.3,0.14,0.04,0.12,0.14,0.42,5.97
04025,AZ,SW,8.65,85.88,0.14,0.04,3.82,0.14,1.24,1.65
04027,AZ,SW,2.63,152.46,0.14,0.05,0.39,0.14,0.71,5.65
06001,CA,SW,0.37,28.71,0.15,0.04,0.62,0.14,0.45,1.21
06005,CA,SW,0.59,9.91,0.14,0.04,0.07,0.14,0.42,0.7
06007,CA,SW,0.75,5.91,0.12,0.12,2.82,0.13,0.42,0.92
06011,CA,SW,3.99,102.17,0.14,0.04,1.26,0.13,0.6,3.55
06013,CA,SW,1.07,16.13,0.14,0.08,0.64,0.14,1.14,2.67
06015,CA,SW,0.35,1.32,0.14,0.04,0.41,0.14,0.42,1.41
06017,CA,SW,1,5.81,0.14,0.04,0.06,0.16,0.42,4.45
06019,CA,SW,1.86,21.06,0.14,0.04,0.73,0.14,0.5,14.96
06021,CA,SW,1.04,114.71,0.12,0.07,9.97,0.13,0.75,1.31
06025,CA,SW,1.39,114.6,0.14,0.04,0.35,0.14,1.19,5.09
06027,CA,SW,3.08,3.95,0.14,0.04,0.07,0.14,0.43,5.7
06029,CA,SW,4.51,23.72,0.14,0.04,0.72,0.15,0.88,8.99
06031,CA,SW,8.55,2.66,0.14,0.04,0.59,0.14,0.95,4.97
06033,CA,SW,0.68,66.35,0.14,0.07,2.71,0.14,0.43,0.64
06035,CA,SW,5.51,6.68,0.14,0.04,1.26,0.13,0.43,0.62
06037,CA,SW,1.83,25.88,0.14,0.04,0.64,0.14,0.59,6.67
06039,CA,SW,3.01,46.2,0.15,0.05,1.59,0.14,0.69,12.3
06043,CA,SW,1.09,6.73,0.14,0.04,0.43,0.14,0.46,12.49
06047,CA,SW,5.9,125.37,0.14,0.04,5.21,0.14,0.58,9.53
06051,CA,SW,10.68,10.46,0.14,0.04,0.67,0.14,0.43,26.07
06053,CA,SW,3.05,34.36,0.13,0.07,2.48,0.14,3.69,6.27
06055,CA,SW,0.87,10.06,0.14,0.1,1.02,0.17,0.42,1.51
06057,CA,SW,1.32,1.6,0.14,0.05,0.06,0.14,0.42,1.27
06059,CA,SW,1.13,22.58,0.14,0.04,0.06,0.14,0.87,7.33
06061,CA,SW,0.93,1.24,0.14,0.15,0.07,0.14,0.42,1.42
06063,CA,SW,3.52,9.09,0.14,0.04,1.35,0.12,0.42,4.41
06065,CA,SW,1.41,32.81,0.14,0.04,2.53,0.14,0.7,7.71
06067,CA,SW,2.25,53.91,0.14,0.04,1.23,0.14,0.45,1.99
06069,CA,SW,1.38,17.31,0.14,0.04,6.23,0.14,2.02,3.9
06071,CA,SW,1.91,5.97,0.14,0.05,2.09,0.14,0.68,6.48
06073,CA,SW,1.12,47.65,0.14,0.04,0.08,0.16,0.95,4.33
06075,CA,SW,0.78,1.37,0.14,0.04,1.31,0.14,0.42,1.55
06077,CA,SW,3.7,108.68,0.15,0.05,1.65,0.14,0.74,4.82
06079,CA,SW,1.63,32.35,0.14,0.1,0.68,0.14,3.07,5.78
06081,CA,SW,1.59,20.54,0.14,0.04,5,0.14,1.91,1.06
06083,CA,SW,0.71,10.43,0.14,0.05,0.37,0.14,1.47,5.05
06085,CA,SW,0.43,64.44,0.12,0.03,0.97,0.13,0.83,3.84
06087,CA,SW,0.99,2.05,0.14,0.06,2.51,0.14,0.46,1.01
06089,CA,SW,4.15,39.79,0.14,0.04,0.38,0.14,0.42,1.06
06091,CA,SW,2.09,20.4,0.46,0.17,0.11,0.14,0.42,1.98
06093,CA,SW,0.98,1.12,0.14,0.04,0.52,0.14,0.42,1.47
06095,CA,SW,0.73,15.61,0.14,0.07,1.08,0.14,0.55,1.9
06097,CA,SW,2.5,48.66,0.14,0.07,0.36,0.14,0.45,1.55
06099,CA,SW,5.38,67.63,0.14,0.05,2.78,0.14,1.38,8.67
06101,CA,SW,3.99,85.7,0.14,0.04,0.86,0.14,0.45,1.47
06103,CA,SW,1.99,9.09,0.14,0.04,1.01,0.14,0.42,1.05
06107,CA,SW,1.79,42.25,0.13,0.04,0.71,0.13,0.47,5.48
06109,CA,SW,0.45,2.03,0.14,0.04,0.85,0.15,0.52,6.46
06111,CA,SW,0.9,30.54,0.14,0.06,0.52,0.14,8.62,8.21
06113,CA,SW,2.5,105.09,0.14,0.04,14.78,0.14,6.42,1.94
06115,CA,SW,2.04,52.41,0.13,0.06,0.93,0.22,0.55,2.54
09001,CT,MA,0.36,15.64,0.14,0.04,0.08,0.14,0.42,1.23
09003,CT,MA,0.42,37.36,0.22,0.04,0.65,0.15,0.42,0.81
09005,CT,MA,0.36,19.52,0.14,0.04,0.38,0.14,0.42,1.42
09007,CT,MA,0.41,75.25,0.14,0.04,0.1,0.14,0.42,1.58
09009,CT,MA,0.35,62.77,0.14,0.05,0.18,0.14,0.42,0.6
09011,CT,MA,0.35,9.69,0.14,0.04,0.1,0.15,0.71,0.85
09013,CT,MA,0.36,23.09,0.14,0.05,0.14,0.14,0.43,1.11
09015,CT,MA,0.62,9.94,0.14,0.04,0.16,0.14,0.42,0.71
11001,DC,MA,0.52,37.25,0.14,0.04,1.34,0.14,0.76,0.35
12009,FL,SE,0.59,12.12,0.14,0.04,0.9,0.14,1.93,0.35
12011,FL,SE,0.71,5.4,0.16,0.09,0.3,0.14,0.93,0.74
12015,FL,SE,0.65,23.65,0.14,0.04,0.12,0.14,1.43,0.48
12017,FL,SE,0.6,6.1,0.19,0.11,0.87,0.14,1,0.38
12019,FL,SE,0.49,12.32,0.14,0.05,0.06,0.14,0.64,0.35
12021,FL,SE,1.12,4.61,0.14,0.04,1.58,0.14,0.77,1.47
12027,FL,SE,0.46,19.78,0.14,0.04,0.22,0.14,1.46,0.6
12029,FL,SE,2.62,9.99,0.14,0.08,0.5,0.13,0.64,0.35
12031,FL,SE,0.66,20.25,0.14,0.04,0.08,0.14,2.8,0.35
12033,FL,SE,0.35,28.75,0.14,0.04,0.18,0.14,0.44,0.41
12035,FL,SE,0.52,8.49,0.13,0.26,0.11,0.14,1.63,0.71
12043,FL,SE,0.36,17.94,0.48,0.04,0.8,0.13,0.76,0.35
12045,FL,SE,0.35,17.46,0.14,0.04,0.23,0.14,0.48,0.35
12049,FL,SE,0.41,52.72,0.19,0.04,0.73,0.14,0.42,0.76
12053,FL,SE,0.87,5.36,0.17,0.04,0.55,0.14,1.29,3.46
12055,FL,SE,0.37,52.07,0.14,0.04,0.52,0.14,0.61,0.35
12057,FL,SE,0.57,12.94,0.16,0.07,0.4,0.14,1.27,0.68
12071,FL,SE,0.63,10.71,0.19,0.04,0.66,0.14,0.94,0.65
12075,FL,SE,0.71,9.31,0.14,0.56,0.23,0.14,1.13,0.59
12081,FL,SE,0.91,16.12,0.14,0.13,0.25,0.21,0.96,0.49
12083,FL,SE,1.01,4.24,0.14,0.14,0.76,0.16,1.15,0.54
12086,FL,SE,0.59,6.79,0.14,0.04,0.12,0.14,0.42,0.71
12089,FL,SE,0.57,30.29,0.14,0.04,1.87,0.14,2.1,0.35
12093,FL,SE,0.63,302.1,0.14,0.44,2.82,0.14,1.86,0.35
12095,FL,SE,0.43,16.38,0.16,0.05,0.63,0.14,0.58,0.35
12099,FL,SE,0.51,3.73,0.19,0.19,0.67,0.15,0.59,0.37
12101,FL,SE,0.68,13.05,0.14,0.26,0.26,0.14,0.76,0.63
12103,FL,SE,2.88,11.2,0.15,0.4,0.75,0.14,1.4,1.65
12105,FL,SE,0.62,19.12,0.14,0.12,0.86,0.14,0.65,0.49
12109,FL,SE,0.46,77.19,0.15,0.04,0.08,0.14,0.57,0.37
12111,FL,SE,0.37,11.08,0.14,0.04,1.02,0.14,1.08,0.38
12115,FL,SE,0.58,5.69,0.15,0.04,0.43,0.15,1.38,0.35
12117,FL,SE,0.47,10.66,0.16,0.04,1.38,0.14,0.86,0.35
12119,FL,SE,1.45,7.82,0.16,0.07,5.41,0.14,2.91,0.39
12127,FL,SE,0.51,9.18,0.17,0.04,0.17,0.14,0.67,0.44
12129,FL,SE,0.54,11.3,0.14,0.1,0.2,0.14,0.45,1.79
15003,HI,AKHI,0.35,1.83,0.14,0.04,0.76,0.14,0.42,0.35
15009,HI,AKHI,0.39,24.41,0.14,0.04,0.64,0.14,0.42,0.35
16001,ID,PNW,2.16,26.3,0.15,0.09,1.37,0.14,0.45,17.64
16005,ID,PNW,1.93,125.25,0.14,0.04,1.6,0.14,1.13,2.45
16007,ID,PNW,0.87,34.77,0.14,0.04,0.77,0.14,0.72,1.21
16009,ID,PNW,0.35,14.04,0.14,0.04,0.06,0.14,0.42,4.03
16011,ID,PNW,1.79,103.01,0.14,0.04,1.25,0.14,0.43,1.09
16013,ID,PNW,0.36,72.2,0.14,0.04,0.27,0.14,1.02,0.54
16015,ID,PNW,3.16,18.76,0.14,0.05,1.22,0.23,0.42,1.08
16019,ID,PNW,1.09,78.18,0.14,0.04,0.13,0.14,0.42,1.01
16027,ID,PNW,3.93,40.94,0.14,0.04,2.59,0.14,0.44,8.64
16029,ID,PNW,0.48,55.72,0.14,0.04,0.49,0.14,1.39,1.98
16033,ID,PNW,1.21,21.1,0.14,0.04,2.68,0.14,0.42,1.1
16035,ID,PNW,0.44,10.85,0.14,0.04,0.1,0.14,0.71,0.35
16037,ID,PNW,1.07,50.96,0.14,0.08,0.75,0.14,0.77,4.23
16039,ID,PNW,0.89,6.06,0.15,0.04,3.17,0.14,0.43,1.37
16043,ID,PNW,3.02,17.06,0.14,0.04,0.06,0.14,0.46,0.85
16045,ID,PNW,0.54,0.97,0.14,0.04,1.15,0.14,0.42,0.39
16049,ID,PNW,0.69,24.24,0.14,0.04,0.78,0.14,0.57,0.37
16051,ID,PNW,2.49,20.76,0.14,0.04,0.17,0.14,0.42,0.55
16053,ID,PNW,0.43,6.29,0.14,0.04,0.14,0.14,0.49,0.46
16055,ID,PNW,3.81,22.5,0.14,0.04,0.06,0.14,0.42,1.68
16063,ID,PNW,0.96,1.69,0.14,0.04,2.52,0.14,0.46,0.86
16065,ID,PNW,1.22,1.41,0.14,0.04,0.06,0.14,1.58,2.93
16067,ID,PNW,2.03,220.4,0.14,0.04,0.17,0.14,0.46,0.81
16071,ID,PNW,2.33,28.5,0.14,0.04,1.03,0.14,0.42,1.87
16073,ID,PNW,5.04,97.86,0.14,0.04,2.03,0.14,0.75,10.88
16075,ID,PNW,9.9,8.49,0.14,0.04,2.87,0.14,0.42,7.81
16077,ID,PNW,7.02,140.08,0.14,0.04,1.33,0.14,3.1,11.44
16081,ID,PNW,0.59,14.28,0.14,0.04,0.06,0.14,0.42,2.84
16083,ID,PNW,9.27,12.38,0.14,0.04,3.38,0.14,0.72,9.5
17007,IL,EMW,0.7,180.71,0.14,0.04,0.06,0.14,0.51,0.36
17011,IL,EMW,3.5,108.32,0.14,0.04,0.45,0.14,0.66,0.47
17015,IL,EMW,0.44,218.31,0.14,0.04,0.06,0.14,0.49,1.04
17019,IL,EMW,1.42,64.73,0.14,0.04,0.06,0.14,0.42,0.35
17023,IL,EMW,2.36,140.89,0.14,0.04,0.06,0.14,0.8,0.35
17027,IL,EMW,0.66,61.92,0.14,0.04,0.39,0.14,1.13,0.35
17033,IL,EMW,0.55,28.13,0.14,0.04,0.06,0.14,2.12,2.98
17037,IL,EMW,0.95,486.35,0.19,0.1,0.11,0.14,0.5,0.41
17043,IL,EMW,1.74,52.78,0.14,0.06,0.94,0.14,0.46,0.58
17061,IL,EMW,0.49,56.53,0.14,0.04,0.06,0.14,1.33,3.3
17063,IL,EMW,0.43,17.01,0.26,0.04,0.24,0.17,0.57,1
17067,IL,EMW,0.64,43.63,0.19,0.06,0.34,0.14,0.8,0.35
17071,IL,EMW,0.52,89.98,0.14,0.1,0.42,0.14,1.14,2.32
17073,IL,EMW,1.41,87.43,0.14,0.04,0.5,0.15,1.18,0.54
17077,IL,EMW,0.4,20.8,0.14,0.04,0.06,0.14,0.43,0.35
17085,IL,EMW,0.69,109.47,0.14,0.04,0.06,0.17,0.45,1.46
17089,IL,EMW,0.52,127.85,0.14,0.06,0.24,0.16,0.7,1.88
17093,IL,EMW,0.37,35.83,0.14,0.05,0.06,0.14,0.5,1.02
17095,IL,EMW,0.52,40.49,0.14,0.04,1.2,0.14,1.1,0.83
17097,IL,EMW,0.65,86.81,0.15,0.11,0.09,0.14,0.48,1.31
17099,IL,EMW,0.84,61.75,0.14,0.04,0.52,0.14,0.91,1
17103,IL,EMW,4.44,108.59,0.14,0.06,13.16,0.14,0.48,0.55
17109,IL,EMW,2.22,34.25,1.38,0.81,1.12,0.14,2.81,0.35
17131,IL,EMW,0.64,98.48,0.19,0.04,0.37,0.14,0.8,0.93
17141,IL,EMW,0.93,211.76,0.14,0.11,0.11,0.14,0.45,1.28
17143,IL,EMW,1.23,135.28,0.14,0.04,0.53,0.14,3.18,1.61
17155,IL,EMW,2.72,110.34,0.14,0.04,1.84,0.14,1.41,0.64
17175,IL,EMW,1.19,5.96,0.14,0.04,2.89,0.14,4.14,0.37
17187,IL,EMW,0.43,8.78,0.14,0.04,0.36,0.14,1.63,0.97
17197,IL,EMW,1.75,39.52,0.14,0.08,0.1,0.14,0.61,1.98
17201,IL,EMW,0.73,177.39,0.14,0.05,0.46,0.14,0.67,2.28
18013,IN,EMW,0.35,175,0.14,0.04,0.06,0.14,0.42,0.68
18023,IN,EMW,1.12,307.14,0.14,0.04,0.13,0.11,0.42,0.35
18037,IN,EMW,0.4,26.29,0.14,0.04,0.11,0.16,0.42,0.35
18039,IN,EMW,0.6,97.3,0.14,0.04,0.17,0.15,0.42,0.35
18047,IN,EMW,0.35,112.3,0.14,0.84,0.06,0.14,0.42,0.35
18049,IN,EMW,0.7,87.3,0.14,0.04,0.06,0.14,0.42,0.41
18063,IN,EMW,1.17,357.6,0.14,0.04,0.28,0.17,0.42,1.6
18073,IN,EMW,0.47,54.02,0.14,0.04,0.21,0.14,0.43,0.39
18075,IN,EMW,2.59,44.73,0.14,0.04,5.35,0.14,0.42,0.35
18077,IN,EMW,0.63,0.71,0.14,0.04,0.32,0.28,0.42,0.78
18079,IN,EMW,0.53,5.54,0.14,0.04,0.06,0.14,0.42,0.35
18081,IN,EMW,0.57,145.43,0.14,0.04,0.09,0.14,0.85,0.65
18083,IN,EMW,0.36,57.53,0.14,0.05,0.21,0.14,0.48,0.38
18085,IN,EMW,4.2,299.02,0.14,0.05,0.09,0.14,0.42,0.38
18087,IN,EMW,2.46,109.06,0.14,0.04,0.06,0.14,0.42,0.43
18089,IN,EMW,0.35,18.12,0.14,0.04,0.67,0.14,2.82,0.36
18091,IN,EMW,0.4,52.73,0.14,0.04,1.61,0.14,0.42,0.47
18093,IN,EMW,0.39,56.8,0.14,0.04,0.06,0.14,0.42,0.4
18095,IN,EMW,0.79,157.38,0.14,0.04,0.2,0.15,0.42,0.51
18097,IN,EMW,0.36,106.23,0.14,0.04,0.23,0.16,0.42,0.84
18099,IN,EMW,3.29,107.98,0.14,0.11,0.06,0.14,0.42,0.52
18101,IN,EMW,1.48,39.86,0.14,0.04,0.33,0.24,0.42,0.58
18103,IN,EMW,0.76,106.28,0.14,0.05,0.17,0.14,0.42,2.2
18105,IN,EMW,0.35,15.35,0.14,0.04,0.06,0.14,0.42,0.35
18107,IN,EMW,0.56,132.79,0.14,0.04,0.2,0.16,0.42,0.37
18109,IN,EMW,1.16,44.8,0.14,0.04,0.06,0.15,0.82,0.49
18111,IN,EMW,0.35,255.38,0.14,0.04,0.96,0.18,0.42,0.35
18113,IN,EMW,1.61,235.23,0.14,0.04,0.07,0.14,0.42,0.61
18115,IN,EMW,0.35,30.89,0.14,0.04,0.06,0.14,0.88,0.4
18119,IN,EMW,0.35,14.2,0.14,0.04,0.22,0.25,0.42,0.98
18121,IN,EMW,0.87,54.41,0.14,0.04,0.87,0.14,1.53,0.54
18123,IN,EMW,0.35,57.66,0.14,0.04,0.26,0.14,0.42,0.57
18125,IN,EMW,0.48,24.55,0.14,0.04,0.25,0.11,0.42,0.69
18127,IN,EMW,0.52,51.76,0.14,0.04,0.06,0.14,0.42,1.55
18129,IN,EMW,0.35,17.3,0.14,0.04,0.45,0.14,0.53,0.41
18131,IN,EMW,1.3,128.4,0.14,0.04,0.64,0.18,0.42,1.06
18133,IN,EMW,2.12,65.17,0.14,0.04,0.06,0.14,0.42,1.11
18135,IN,EMW,2.12,157.67,0.14,0.04,0.68,0.14,0.42,0.96
18137,IN,EMW,0.36,59.53,0.14,0.04,0.31,0.16,0.42,0.57
18139,IN,EMW,0.4,208.63,0.14,0.04,0.06,0.14,0.42,0.42
18141,IN,EMW,2.24,98.79,0.14,0.04,0.06,0.14,0.42,0.53
18143,IN,EMW,0.52,24.64,0.14,0.04,0.06,0.15,0.42,0.35
18145,IN,EMW,0.95,137.21,0.14,0.04,0.06,0.14,0.42,1.01
18147,IN,EMW,2.2,46.29,0.14,0.04,2.12,0.14,0.53,0.53
18149,IN,EMW,0.35,57.09,0.14,0.04,0.06,0.14,0.42,0.47
18151,IN,EMW,0.77,152.83,0.15,0.04,0.06,0.14,0.42,0.37
18153,IN,EMW,1.78,39.87,0.14,0.04,0.08,0.14,4.73,0.47
18155,IN,EMW,0.35,48.91,0.14,0.04,0.06,0.14,0.42,0.61
18157,IN,EMW,2,136.25,0.14,0.04,0.07,0.14,1.88,0.97
18159,IN,EMW,3.35,1158.44,0.14,3.58,7.14,0.14,0.42,1.32
18161,IN,EMW,0.81,12.38,0.14,0.04,0.06,0.11,0.42,0.8
18163,IN,EMW,0.35,34,0.14,0.04,0.06,0.14,0.95,0.35
18165,IN,EMW,1.24,104.73,0.14,0.07,1.13,0.14,1.24,1.09
18167,IN,EMW,0.35,10.91,0.14,0.04,0.17,0.14,0.48,1.07
18169,IN,EMW,2.08,168.39,0.14,0.04,0.94,0.13,0.42,0.54
18171,IN,EMW,0.35,55.93,0.14,0.04,0.06,0.13,0.42,1.67
18173,IN,EMW,0.61,88.09,0.14,0.04,0.37,0.13,0.42,0.35
18175,IN,EMW,0.35,2.98,0.14,0.04,0.73,0.16,0.42,0.35
18177,IN,EMW,0.46,75.4,0.14,0.04,0.06,0.14,1.26,1.12
18179,IN,EMW,1.07,12.38,0.14,0.04,0.06,0.14,0.42,0.84
18181,IN,EMW,1.51,137.61,0.14,0.04,0.06,0.14,0.42,0.47
18183,IN,EMW,2.25,216.5,0.14,0.04,0.06,0.14,0.42,1.9
20009,KS,CMW,1.13,54.78,0.14,0.04,3.31,0.14,5.83,16.08
20015,KS,CMW,0.73,78.05,0.14,0.04,1.07,0.14,0.99,0.35
20027,KS,CMW,2.65,81.21,0.14,0.04,1.57,0.14,25.1,23.16
20029,KS,CMW,1.53,149.63,0.14,0.04,3.63,0.14,5.11,10.88
20039,KS,CMW,9.94,121.84,0.14,0.04,4.6,0.14,13.48,45.03
20045,KS,CMW,0.61,61.65,0.14,0.04,1.02,0.14,0.76,0.64
20055,KS,CMW,1.55,21.36,0.14,0.04,1.16,0.14,9.33,23.71
20057,KS,CMW,2.76,84.13,0.14,0.04,2.25,0.19,7.12,22.48
20065,KS,CMW,8.6,151.83,0.14,0.04,2.09,0.14,6.33,17.85
20067,KS,CMW,2.02,18.26,0.14,0.04,4.45,0.14,13.28,16.15
20069,KS,CMW,2.21,47.87,0.14,0.04,2.74,0.14,4.92,13.68
20083,KS,CMW,3.27,81.77,0.14,0.04,2.89,0.14,6.67,22
20091,KS,CMW,0.83,52.06,0.14,0.04,1.6,0.14,1.88,0.35
20093,KS,CMW,1.51,29.12,0.14,0.04,1.75,0.14,7.66,33.13
20105,KS,CMW,2.65,71.21,0.14,0.04,3.35,0.14,18.53,17.78
20109,KS,CMW,3.62,145.13,0.14,0.04,1.65,0.62,5.6,12.5
20129,KS,CMW,2.13,29.56,0.14,0.04,5.04,0.14,7.17,17
20135,KS,CMW,6.63,104.81,0.14,0.04,4.02,0.14,18.37,8.7
20137,KS,CMW,5.71,194.78,0.14,0.04,4.05,0.14,10.29,22.61
20145,KS,CMW,1.47,24.44,0.14,0.04,4.31,0.14,7.16,19.77
20149,KS,CMW,2.63,146.41,0.14,0.04,2.57,0.14,3.23,16.31
20153,KS,CMW,12.69,88.7,0.14,0.04,4.44,0.14,8.91,27.92
20159,KS,CMW,2.27,152.97,0.14,0.04,1.17,0.14,12.07,28.12
20165,KS,CMW,4.96,99.56,0.14,0.04,3.16,0.14,3.11,37
20171,KS,CMW,10.82,80.17,0.14,0.04,8.27,0.14,14.91,20
20175,KS,CMW,2.17,44.65,0.14,0.04,5.26,0.14,11.12,11
20181,KS,CMW,3.45,108.84,0.14,0.04,2.31,0.14,7.81,21
20183,KS,CMW,5.39,151.26,0.14,0.04,2.23,0.14,15.09,19.75
20189,KS,CMW,1.85,21.78,0.14,0.04,5.83,0.14,8.37,13
20203,KS,CMW,5.43,56.25,0.14,0.04,2.31,0.14,10.68,19.5
20209,KS,CMW,0.43,150.74,0.14,0.04,0.16,0.14,0.55,4.8
21003,KY,SE,0.35,14.19,0.14,0.04,0.06,0.14,0.42,0.35
21005,KY,SE,0.35,15.23,0.14,0.04,0.06,0.14,0.42,0.35
21007,KY,SE,0.35,23.63,0.14,0.04,0.36,0.14,0.54,0.4
21013,KY,SE,0.35,5.75,0.14,0.04,0.22,0.14,0.42,0.35
21017,KY,SE,0.35,14.14,0.14,0.04,0.47,0.14,0.42,0.41
21021,KY,SE,0.35,12.46,0.14,0.04,0.06,0.14,0.42,0.35
21025,KY,SE,0.35,28.29,0.14,0.04,0.07,0.14,0.43,0.35
21033,KY,SE,0.35,20.67,0.14,0.04,0.06,0.14,0.42,0.62
21035,KY,SE,0.35,6.08,0.14,0.04,0.14,0.14,0.42,0.74
21041,KY,SE,0.35,13.42,0.14,0.04,0.06,0.14,0.42,0.47
21047,KY,SE,0.35,18.45,0.14,0.04,0.06,0.14,0.38,0.35
21061,KY,SE,0.35,5.14,0.14,0.04,0.06,0.14,0.61,0.35
21063,KY,SE,0.35,175,0.14,0.04,0.53,0.14,0.42,1.5
21067,KY,SE,0.46,26.67,0.14,0.04,0.06,0.14,0.42,0.66
21077,KY,SE,0.35,17.46,0.14,0.04,0.06,0.14,0.42,0.43
21079,KY,SE,0.35,34.76,0.14,0.04,0.22,0.14,0.42,0.49
21085,KY,SE,0.45,19.4,0.14,0.04,0.87,0.14,0.42,0.35
21091,KY,SE,0.35,34.11,0.14,0.05,0.55,0.14,0.8,0.38
21093,KY,SE,0.35,25.04,0.14,0.04,0.24,0.14,0.48,0.39
21095,KY,SE,0.35,90.73,0.14,0.04,0.31,0.14,0.79,1
21097,KY,SE,0.35,8.88,0.14,0.04,0.06,0.14,0.42,0.35
21101,KY,SE,0.35,13.41,0.14,0.04,0.06,0.14,2.84,0.36
21103,KY,SE,0.35,20.79,0.14,0.04,0.06,0.14,0.42,0.35
21111,KY,SE,0.35,12.95,0.14,0.04,1.9,0.14,0.42,0.35
21113,KY,SE,0.35,29.09,0.14,0.04,0.06,0.14,0.42,0.47
21117,KY,SE,0.35,28.14,0.14,0.04,0.06,0.14,0.42,0.4
21119,KY,SE,0.35,372.03,0.14,0.04,0.06,0.14,0.42,0.5
21127,KY,SE,0.35,8.81,0.14,0.04,0.06,0.14,0.42,0.35
21133,KY,SE,0.35,19.13,0.14,0.04,0.22,0.14,1.39,1.5
21135,KY,SE,0.68,0.57,0.14,0.04,0.41,0.14,0.62,2.09
21137,KY,SE,0.35,7.12,0.14,0.04,0.06,0.14,0.42,0.35
21139,KY,SE,0.35,16.82,0.14,0.04,0.06,0.14,0.42,0.35
21149,KY,SE,0.35,19.98,0.14,0.04,0.06,0.14,0.42,0.7
21157,KY,SE,0.35,17.4,0.14,0.04,0.4,0.14,0.71,0.35
21163,KY,SE,0.35,17.29,0.14,0.04,0.06,0.14,0.42,0.41
21179,KY,SE,0.35,17.86,0.14,0.04,0.06,0.14,0.42,0.35
21183,KY,SE,0.49,27.29,0.75,0.16,0.25,0.13,0.68,0.65
21185,KY,SE,0.35,21.29,0.14,0.04,0.06,0.14,0.42,0.35
21187,KY,SE,0.35,8.5,0.14,0.04,0.06,0.14,0.42,0.35
21189,KY,SE,0.35,28.83,0.14,0.04,0.06,0.14,0.42,0.35
21211,KY,SE,0.35,2.88,0.14,0.04,0.22,0.14,0.42,0.35
21213,KY,SE,0.35,31.8,0.14,0.04,0.06,0.14,0.42,0.35
21217,KY,SE,0.35,6.55,0.14,0.04,1.05,0.14,0.42,1.19
21223,KY,SE,0.35,17.46,0.14,0.04,0.06,0.14,0.42,0.47
21225,KY,SE,0.35,19.35,0.14,0.04,0.24,0.14,0.42,0.56
21227,KY,SE,0.35,14.29,0.14,0.04,2.51,0.14,1.53,0.46
21233,KY,SE,0.64,12.7,0.14,0.04,0.11,0.14,0.42,0.35
21239,KY,SE,0.35,25.09,0.14,0.04,0.06,0.14,0.42,0.35
22001,LA,SE,0.42,156.15,0.14,0.04,0.06,0.14,0.42,0.35
22003,LA,SE,3.83,9.43,0.14,0.04,0.06,0.14,0.42,0.42
22005,LA,SE,0.71,7.95,0.14,0.04,0.06,0.14,0.42,0.74
22007,LA,SE,1.7,16.16,0.14,0.04,0.06,0.14,0.42,0.96
22009,LA,SE,0.81,23.37,0.14,0.04,0.06,0.15,0.42,0.36
22011,LA,SE,0.75,14.67,0.14,0.04,0.06,0.17,0.42,0.35
22013,LA,SE,0.38,19.16,0.15,0.05,0.2,0.14,0.42,0.38
22015,LA,SE,0.86,30.3,0.14,0.04,0.06,0.14,0.59,0.36
22017,LA,SE,0.51,17.39,0.14,0.04,0.08,0.14,0.44,0.35
22019,LA,SE,0.51,28.2,0.14,0.04,0.06,0.14,0.42,0.35
22021,LA,SE,0.55,14.8,0.14,0.04,2.37,0.14,0.42,0.35
22023,LA,SE,0.39,47.78,0.14,0.04,0.06,0.14,0.42,0.35
22025,LA,SE,0.39,3.2,0.2,0.09,0.06,0.14,0.42,0.37
22027,LA,SE,0.37,6.01,0.16,0.06,0.07,0.14,0.42,0.44
22029,LA,SE,0.58,300.58,0.14,0.04,0.06,0.14,0.42,0.51
22031,LA,SE,0.56,15.49,0.14,0.04,0.06,0.14,0.42,0.4
22033,LA,SE,0.52,2.69,0.14,0.04,0.06,0.14,0.42,0.37
22035,LA,SE,0.35,0.57,0.14,0.04,0.06,0.14,0.42,0.35
22037,LA,SE,0.36,0.57,0.14,0.04,0.06,0.14,0.42,0.35
22039,LA,SE,0.81,46.82,0.14,0.04,0.06,0.14,0.42,0.37
22041,LA,SE,1.33,5.2,0.14,0.04,0.24,0.14,0.42,0.41
22043,LA,SE,0.59,3.91,0.14,0.04,0.06,0.14,0.42,0.37
22045,LA,SE,0.99,51.74,0.14,0.04,0.06,0.14,0.42,0.35
22047,LA,SE,2.31,8.37,0.14,0.04,0.06,0.14,0.42,0.35
22049,LA,SE,0.38,0.63,0.22,0.4,1.45,0.14,0.42,0.38
22051,LA,SE,0.7,14.17,0.14,0.04,0.06,0.17,0.42,0.59
22053,LA,SE,0.37,110.47,0.14,0.04,0.06,0.14,0.42,0.37
22055,LA,SE,0.82,68.57,0.14,0.04,0.08,0.14,0.42,0.35
22057,LA,SE,1.09,12.85,0.14,0.04,0.06,0.14,0.42,0.85
22059,LA,SE,0.41,0.57,0.14,0.04,0.06,0.14,0.42,0.35
22061,LA,SE,0.47,0.7,0.14,0.04,0.07,0.14,0.44,0.35
22063,LA,SE,0.47,2.41,0.14,0.04,0.06,0.14,0.42,0.36
22065,LA,SE,2.81,0.57,0.14,0.04,0.06,0.14,0.42,0.35
22067,LA,SE,0.86,119.2,0.14,0.04,0.06,0.14,0.46,0.43
22069,LA,SE,0.72,24.68,0.14,0.04,0.06,0.14,0.42,0.42
22071,LA,SE,0.71,11.08,0.14,0.04,0.06,0.14,0.42,1.24
22073,LA,SE,0.7,0.96,0.14,0.07,0.06,0.14,0.42,0.35
22075,LA,SE,0.77,20.28,0.14,0.04,0.06,0.14,0.42,0.75
22077,LA,SE,0.41,3.74,0.14,0.04,0.06,0.16,0.42,0.39
22079,LA,SE,0.7,1.97,0.14,0.04,0.06,0.17,0.42,0.55
22081,LA,SE,0.62,1.43,0.14,0.04,0.06,0.14,0.42,0.44
22083,LA,SE,1.18,2.88,0.14,0.04,0.28,0.14,0.42,0.52
22085,LA,SE,0.49,16.62,0.14,0.04,0.73,0.14,0.42,0.35
22087,LA,SE,1.12,21.55,0.14,0.2,0.06,0.14,2.02,1.5
22089,LA,SE,1.22,18.22,0.14,0.04,0.06,0.14,0.42,1.18
22091,LA,SE,0.59,7.94,0.14,0.04,0.06,0.14,0.42,0.35
22093,LA,SE,1.26,19.2,0.14,0.04,0.06,0.14,0.42,1.5
22095,LA,SE,1.08,14.31,0.14,0.04,0.06,0.14,0.42,0.38
22097,LA,SE,0.51,48.04,0.14,0.04,0.06,0.14,0.43,0.36
22099,LA,SE,2.77,121.36,0.14,0.04,0.06,0.14,0.42,0.41
22101,LA,SE,1.03,54.64,0.14,0.04,0.06,0.14,0.42,0.43
22103,LA,SE,0.43,2.55,0.14,0.04,0.06,0.15,0.42,0.36
22105,LA,SE,0.39,0.57,0.14,0.04,0.06,0.15,0.42,0.36
22107,LA,SE,0.91,5.81,0.14,0.04,0.06,0.14,0.42,0.35
22109,LA,SE,0.7,11.76,0.14,0.04,0.06,0.14,0.42,0.52
22111,LA,SE,0.73,1.33,0.14,0.04,0.06,0.14,0.88,0.35
22113,LA,SE,1.22,161.05,0.14,0.04,0.06,0.14,0.42,0.35
22115,LA,SE,0.81,9.14,0.14,0.04,0.06,0.14,0.42,0.35
22117,LA,SE,0.52,0.6,0.14,0.04,0.06,0.14,0.42,0.41
22119,LA,SE,0.4,1.55,0.14,0.06,0.08,0.14,0.52,0.35
22121,LA,SE,1.72,42.38,0.14,0.04,0.06,0.14,0.42,0.49
22123,LA,SE,1.25,62.35,0.14,0.1,0.06,0.14,0.42,0.44
22125,LA,SE,0.66,0.57,0.14,0.04,0.06,0.14,0.42,0.35
22127,LA,SE,0.45,11.24,0.14,0.04,0.64,0.16,0.42,0.35
25019,MA,NE,0.46,0.86,1.2,1.56,1.76,0.17,0.41,0.35
26101,MI,EMW,1.76,30.66,0.28,0.23,0.06,0.07,2.72,1.5
26105,MI,EMW,1.54,19.99,0.28,0.21,0.06,0.07,2.61,1.5
27003,MN,EMW,2.7,62.69,0.14,0.04,0.06,0.13,0.49,0.46
27007,MN,EMW,1.33,41.9,0.14,0.04,0.07,0.14,1.32,0.48
27019,MN,EMW,1.34,59.8,0.14,0.04,0.06,0.13,0.42,0.45
27021,MN,EMW,1.18,43.15,0.14,0.04,0.09,0.14,0.42,0.47
27023,MN,EMW,1.36,75.23,0.13,0.04,0.06,0.14,4.07,13.56
27025,MN,EMW,0.68,45.35,0.14,0.04,0.06,0.14,0.42,2.21
27037,MN,EMW,0.48,134.46,0.14,0.05,0.06,0.14,0.44,1.25
27043,MN,EMW,1.16,21.8,0.14,0.04,0.06,0.14,0.42,0.88
27049,MN,EMW,0.73,27.91,0.14,0.04,0.06,0.12,0.48,0.56
27053,MN,EMW,0.56,37.76,0.14,0.04,0.07,0.14,0.42,0.37
27055,MN,EMW,0.35,37.39,0.14,0.04,0.06,0.14,0.42,0.44
27057,MN,EMW,0.72,67.88,0.14,0.04,0.09,0.14,0.42,0.48
27059,MN,EMW,0.76,45.17,0.14,0.04,0.06,0.11,0.42,1.76
27063,MN,EMW,1.55,0.57,0.14,0.04,0.06,0.14,0.42,9.85
27079,MN,EMW,1.09,76.78,0.14,0.04,0.06,0.14,0.43,2.47
27103,MN,EMW,0.54,15.65,0.14,0.04,0.06,0.13,0.42,0.56
27115,MN,EMW,0.65,70.88,0.14,0.04,0.06,0.13,0.42,0.39
27117,MN,EMW,1.5,109.17,0.14,0.04,0.06,0.13,8.3,16.35
27131,MN,EMW,0.61,152.14,0.14,0.04,0.06,0.14,0.42,2.33
27133,MN,EMW,0.84,109.57,0.14,0.04,0.06,0.14,0.42,21.34
27139,MN,EMW,0.63,123.36,0.14,0.04,0.16,0.13,0.67,1.16
27143,MN,EMW,1.67,83.84,0.14,0.04,0.06,0.14,0.42,3.68
27163,MN,EMW,1.42,5.86,0.14,0.04,0.06,0.12,0.6,8.66
27171,MN,EMW,1.17,123.83,0.14,0.04,0.06,0.13,0.42,0.35
29019,MO,CMW,0.35,64.58,0.14,0.04,1.45,0.14,0.42,1.45
29043,MO,CMW,0.35,45.99,0.14,0.04,1.21,0.14,0.54,3.9
29053,MO,CMW,1.08,88.38,0.14,0.04,1.34,0.14,0.42,0.35
29071,MO,CMW,0.41,203.79,0.14,0.04,0.45,0.14,0.42,0.4
29081,MO,CMW,0.43,76.51,0.14,0.04,1.44,0.14,0.42,1
29097,MO,CMW,0.4,111.76,0.14,0.04,0.52,0.15,0.44,0.47
29099,MO,CMW,0.82,96.54,0.14,0.18,1.35,0.14,0.42,0.51
29113,MO,CMW,0.36,27.7,0.14,0.04,1.28,0.15,0.42,0.84
29119,MO,CMW,0.46,12.63,0.14,0.05,0.77,0.17,0.42,0.44
29157,MO,CMW,0.48,88.61,0.14,0.04,0.51,0.14,0.42,0.35
29161,MO,CMW,0.39,79.56,0.14,0.04,0.47,0.14,0.42,0.46
29169,MO,CMW,0.38,65.22,0.14,0.04,0.81,0.14,0.42,0.4
29187,MO,CMW,0.57,27.91,0.14,0.14,1.16,0.14,0.42,9.29
29203,MO,CMW,0.35,27.47,0.14,0.04,0.68,0.14,0.42,0.35
29213,MO,CMW,0.37,18.36,0.14,0.04,1.38,0.14,0.42,8.02
29221,MO,CMW,1.09,92.91,0.14,0.06,0.34,0.14,0.42,1.14
29223,MO,CMW,0.36,23.19,0.14,0.04,1.18,0.19,0.42,1.98
30001,MT,PNW,4.53,20.79,0.14,0.06,0.23,0.11,1.1,4.52
30003,MT,PNW,0.36,2.92,0.14,0.04,0.06,0.14,0.42,2.45
30005,MT,PNW,0.78,3.32,0.14,0.04,0.07,0.14,0.79,1.3
30007,MT,PNW,4.64,31.4,0.14,0.04,0.06,0.14,0.42,5
30009,MT,PNW,0.38,13.63,0.14,0.12,0.08,0.14,0.74,3.6
30015,MT,PNW,3.99,16.55,0.14,0.04,0.06,0.14,0.5,1.41
30017,MT,PNW,3.65,0.57,0.14,0.04,0.06,0.14,0.42,3
30019,MT,PNW,7.05,0.57,0.14,0.04,0.06,0.14,0.42,1.88
30021,MT,PNW,0.59,0.57,0.14,0.32,4.47,0.14,0.42,0.35
30025,MT,PNW,0.35,0.57,0.14,0.04,0.06,0.14,0.42,0.57
30027,MT,PNW,0.35,0.57,0.14,0.04,0.06,0.14,0.42,0.48
30029,MT,PNW,0.53,105.14,0.14,0.04,0.06,0.14,0.42,3.51
30031,MT,PNW,0.67,19.36,0.14,0.04,0.12,0.14,0.42,0.95
30033,MT,PNW,0.35,0.57,0.14,0.04,0.06,0.14,0.42,0.35
30035,MT,PNW,0.49,98.86,0.14,0.04,0.06,0.14,1.71,0.47
30037,MT,PNW,0.35,0.57,0.14,0.04,0.06,0.14,0.42,0.35
30041,MT,PNW,0.57,2.75,0.14,0.04,0.23,0.14,0.47,3.32
30043,MT,PNW,2.9,17.59,0.14,0.04,0.06,0.14,0.58,28.72
30045,MT,PNW,0.35,0.57,0.14,0.14,0.06,0.14,0.42,1.5
30047,MT,PNW,0.71,106.12,0.14,0.04,0.06,0.14,0.42,2.43
30051,MT,PNW,0.35,0.57,0.14,0.04,0.06,0.14,0.42,0.94
30053,MT,PNW,0.53,92.82,0.14,0.04,0.06,0.14,0.42,1.24
30055,MT,PNW,2.39,0.57,0.14,0.04,0.06,0.14,0.42,1.05
30057,MT,PNW,3.91,9.37,0.14,0.04,0.06,0.14,2.95,0.64
30059,MT,PNW,3.22,0.57,0.14,0.04,0.06,0.14,0.42,3
30061,MT,PNW,0.97,135.97,0.14,0.06,0.06,0.14,0.42,1.28
30063,MT,PNW,1.08,265.89,0.14,0.04,0.06,0.14,0.42,1.55
30069,MT,PNW,0.35,0.57,0.14,0.04,0.06,0.14,0.42,0.35
30077,MT,PNW,3.34,48.3,0.14,0.04,0.18,0.14,0.42,6
30079,MT,PNW,0.35,0.57,0.14,0.04,0.06,0.14,0.42,0.35
30081,MT,PNW,0.9,2.37,0.14,0.04,0.07,0.14,0.42,3.04
30083,MT,PNW,0.38,1.59,0.14,0.04,0.06,0.14,0.42,4.19
30085,MT,PNW,1.85,0.57,0.14,0.04,0.06,0.14,0.42,1.93
30087,MT,PNW,2.17,14.99,0.14,0.04,0.07,0.14,0.42,1.89
30089,MT,PNW,2.35,25.85,0.14,0.04,0.06,0.14,0.42,0.53
30093,MT,PNW,1.6,0.57,0.14,0.04,0.06,0.14,0.42,1.02
30095,MT,PNW,1.86,27.81,0.14,0.04,2.28,0.14,1.93,23.39
30099,MT,PNW,1.08,33.12,0.14,0.04,0.31,0.14,1.16,2.18
30101,MT,PNW,0.59,4.17,0.14,0.04,0.06,0.14,1.43,1.31
30103,MT,PNW,3.07,0.57,0.14,0.04,0.06,0.14,0.42,4
30105,MT,PNW,3.54,0.57,0.14,0.04,0.06,0.14,0.61,3.74
31001,NE,CMW,2.45,188.86,0.14,0.04,7.16,0.14,17.14,11.19
31013,NE,CMW,8.88,53.34,0.14,0.04,5.94,0.14,4.25,31.73
31019,NE,CMW,5.73,79.65,0.14,0.04,4.26,0.14,1.92,22.67
31025,NE,CMW,1.2,124.54,0.14,0.04,6.99,0.14,1.83,1.36
31027,NE,CMW,2.9,51.53,0.14,0.04,6.19,0.14,11.42,15.08
31033,NE,CMW,6.38,219.59,0.14,0.04,5.06,0.14,5.84,21.38
31037,NE,CMW,4.9,186.13,0.14,0.04,10.08,0.14,5.73,27.42
31039,NE,CMW,2.18,283.27,0.14,0.04,7.46,0.14,12.86,32.97
31041,NE,CMW,6.93,183.68,0.14,0.04,6.5,0.14,1.27,7.09
31047,NE,CMW,8.41,70.89,0.14,0.04,8.16,0.14,1.88,25.92
31049,NE,CMW,10.27,200.64,0.14,0.04,6.19,0.14,0.42,13.16
31051,NE,CMW,2.64,144.14,0.14,0.04,8.53,0.14,5.74,5.87
31057,NE,CMW,12.37,114.63,0.14,0.04,4.52,0.14,15.03,48.64
31059,NE,CMW,5.57,120.84,0.14,0.04,3.27,0.14,6.12,1.73
31065,NE,CMW,7.98,214.13,0.14,0.04,7.12,0.14,5.77,40.38
31069,NE,CMW,9.03,215.31,0.14,0.04,6.81,0.14,7.28,30.33
31079,NE,CMW,2.59,110.95,0.14,0.04,6.85,0.14,3.28,33.26
31081,NE,CMW,5.52,146.28,0.14,0.04,8.18,0.14,7.36,8.2
31087,NE,CMW,8.32,95.92,0.14,0.04,6.44,0.14,0.42,19.27
31097,NE,CMW,1.53,73.59,0.14,0.04,6.44,0.14,2.8,8.06
31099,NE,CMW,3.42,140.37,0.14,0.04,5.89,0.14,8.58,55.8
31101,NE,CMW,6.21,100.66,0.14,0.04,3.32,0.14,1.2,16.55
31107,NE,CMW,4.47,97.57,0.14,0.04,6.41,0.14,2.98,3.72
31109,NE,CMW,7.22,117.96,0.14,0.04,7,0.14,3.27,10.15
31111,NE,CMW,4.48,106.1,0.14,0.04,4.56,0.14,0.89,27.54
31121,NE,CMW,4.69,197.46,0.14,0.04,2.69,0.14,4.65,26.62
31123,NE,CMW,4.46,54.39,0.14,0.04,7.25,0.14,2.68,77.25
31125,NE,CMW,5.85,172.35,0.14,0.04,8.81,0.14,22.43,15.59
31127,NE,CMW,2.39,168.32,0.14,0.04,9,0.14,6.56,12.88
31129,NE,CMW,3.18,220.34,0.14,0.04,15.28,0.14,2.53,14.76
31133,NE,CMW,1.5,90.02,0.14,0.04,7.01,0.14,6.73,5.22
31137,NE,CMW,5.01,97.87,0.14,0.04,5.75,0.14,14.14,12.16
31143,NE,CMW,14.87,165.21,0.14,0.04,10.44,0.14,8.26,10.86
31145,NE,CMW,7.9,89.14,0.14,0.04,6.1,0.14,6.29,36.35
31155,NE,CMW,3.01,115.16,0.14,0.04,7.1,0.14,5.71,9.1
31157,NE,CMW,6.24,80.27,0.14,0.04,5.68,0.14,2.7,36.12
31167,NE,CMW,3.46,146.22,0.14,0.04,2.2,0.14,3.24,13.85
31173,NE,CMW,0.46,78.24,0.14,0.04,6.36,0.14,9.16,2.17
31175,NE,CMW,5.5,114.99,0.14,0.04,11,0.14,8.1,14.07
31179,NE,CMW,2.71,62.24,0.14,0.04,14.4,0.14,39.54,16.48
31185,NE,CMW,2.84,137.9,0.14,0.04,7.42,0.14,2.78,14.21
32001,NV,SW,8.62,8.64,0.14,0.04,0.19,0.14,0.54,2.48
32003,NV,SW,1.84,83.97,0.14,0.04,0.37,0.14,1.57,2.98
32005,NV,SW,6.31,51.92,0.14,0.05,0.99,0.26,0.45,3.52
32007,NV,SW,6.97,88.87,0.14,0.09,0.58,0.14,1.6,8.19
32009,NV,SW,25.91,49.68,0.14,0.04,0.87,0.15,0.64,8.02
32011,NV,SW,11.09,70.81,0.14,0.04,0.49,0.14,0.85,3.77
32013,NV,SW,3.42,71.61,0.14,0.04,1.76,0.14,1.42,2.36
32015,NV,SW,17.06,56.77,0.14,0.04,2.1,0.14,0.51,18.9
32017,NV,SW,13.36,35.72,0.14,0.04,0.95,0.18,0.65,7.24
32019,NV,SW,17.32,50.18,0.14,0.04,0.61,0.15,1.4,5.12
32021,NV,SW,3.48,27.46,0.14,0.04,0.91,0.21,0.76,13.93
32023,NV,SW,3.82,62.63,0.14,0.05,1.84,0.14,0.64,3.22
32027,NV,SW,5.69,96.3,0.14,0.04,4.26,0.14,1.28,2.7
32029,NV,SW,2.96,7.89,0.14,0.04,0.06,0.14,0.42,0.35
32031,NV,SW,3.29,56.79,0.14,0.04,5.88,0.14,0.42,1.93
32033,NV,SW,1.53,72.63,0.14,0.04,1.08,0.14,0.42,2.67
32510,NV,SW,4.92,22.24,0.14,0.04,0.15,0.14,0.42,18.12
33001,NH,NE,1.59,9.54,0.14,0.04,0.08,0.15,0.42,1.06
33003,NH,NE,0.62,2.97,0.2,0.04,0.08,0.14,0.42,6.31
33005,NH,NE,0.44,8.2,0.18,0.08,0.11,0.14,0.46,0.85
33007,NH,NE,0.4,11.1,0.14,0.04,0.06,0.14,0.42,0.96
33009,NH,NE,0.4,16.2,0.15,0.05,0.09,0.14,0.44,1.78
33011,NH,NE,0.47,10.73,0.14,0.04,0.07,0.14,0.42,0.43
33013,NH,NE,0.76,6.65,0.14,0.04,0.25,0.14,0.42,0.8
33015,NH,NE,3.13,15.82,0.14,0.04,0.06,0.14,0.42,1.47
33017,NH,NE,0.66,5.7,0.14,0.04,0.18,0.15,0.42,0.76
33019,NH,NE,0.55,15.39,0.14,0.04,0.06,0.14,0.42,0.78
34001,NJ,MA,0.37,32.19,0.14,0.04,0.29,0.15,0.59,1.23
34003,NJ,MA,0.69,134.35,0.14,0.04,2.16,0.14,0.47,1.12
34005,NJ,MA,0.42,51.76,0.19,0.04,0.24,0.14,0.74,1.33
34007,NJ,MA,0.43,41.55,0.14,0.04,0.64,0.15,0.8,1.63
34009,NJ,MA,0.58,3.94,0.14,0.04,0.45,0.14,0.6,0.73
34011,NJ,MA,0.58,75.99,0.13,0.05,0.52,0.35,1.62,3.27
34013,NJ,MA,0.64,73.95,0.14,0.04,0.65,0.14,0.77,1.58
34015,NJ,MA,0.72,57.35,0.16,0.04,0.53,0.17,1.08,1.95
34017,NJ,MA,0.48,77.06,0.14,0.04,2.07,0.14,0.42,0.97
34019,NJ,MA,0.9,73.35,0.14,0.04,0.29,0.14,1.27,2.51
34021,NJ,MA,0.42,33.43,0.14,0.04,0.48,0.14,0.53,1.03
34023,NJ,MA,0.45,45.14,0.14,0.05,0.28,0.14,0.53,2.18
34025,NJ,MA,0.4,36.98,0.14,0.04,0.14,0.14,0.51,1.44
34027,NJ,MA,0.71,47.88,0.14,0.05,1.26,0.14,0.85,1.36
34029,NJ,MA,0.36,84.45,0.14,0.04,0.09,0.15,0.5,1.47
34031,NJ,MA,0.46,33.28,0.18,0.09,0.21,0.13,0.67,0.89
34033,NJ,MA,1.37,36.88,0.14,0.04,0.71,0.14,2.29,0.87
34035,NJ,MA,0.68,75.01,0.15,0.07,0.26,0.14,1.1,1.56
34037,NJ,MA,0.39,42.2,0.14,0.04,0.86,0.14,0.74,4.24
34039,NJ,MA,0.76,83.84,0.15,0.04,0.11,0.14,0.76,1.83
34041,NJ,MA,0.66,55.56,0.14,0.04,0.41,0.14,1.19,1.8
35001,NM,SW,4.37,45.79,0.15,0.04,1.54,0.14,0.48,3.52
35003,NM,SW,3.29,20.69,0.14,0.05,0.66,0.14,1.28,9.04
35005,NM,SW,0.78,23,0.16,0.04,4.24,0.14,4.52,1.98
35006,NM,SW,4.43,10.11,0.14,0.04,0.96,0.14,3.19,5.16
35007,NM,SW,0.74,23.41,0.14,0.04,0.33,0.14,0.46,2.76
35009,NM,SW,4.64,76.2,0.14,0.04,0.92,0.14,6,8.7
35011,NM,SW,0.87,8.69,0.14,0.04,8.93,0.14,2.79,8.44
35013,NM,SW,4.73,56.44,0.16,0.09,2.83,0.15,2.27,11.38
35015,NM,SW,1.78,52.21,0.15,0.06,2.48,0.14,2.81,0.98
35017,NM,SW,1.03,11.89,0.32,0.04,1.76,0.14,2.98,2.78
35019,NM,SW,0.79,38.3,0.14,0.04,1.05,0.14,0.95,5.31
35021,NM,SW,4.34,66.37,0.14,0.04,0.06,0.14,2.2,4.7
35023,NM,SW,4.45,24.24,0.14,0.04,12.71,0.14,2.82,29.58
35025,NM,SW,7.09,66.02,0.15,0.04,3.85,0.14,7.68,2.19
35027,NM,SW,0.64,27.6,0.14,0.06,3.85,0.14,1.51,3.21
35028,NM,SW,1.93,27.54,0.14,0.04,1.96,0.14,0.73,2.42
35029,NM,SW,8.96,44.51,0.15,0.04,8.88,0.15,1.16,4.72
35031,NM,SW,1.05,46.12,0.16,0.07,0.61,0.19,0.96,3.5
35033,NM,SW,0.47,59.33,0.14,0.04,0.19,0.14,0.65,1.73
35035,NM,SW,0.53,24.67,0.14,0.04,4.27,0.14,1.63,2.72
35037,NM,SW,1.39,47.4,0.14,0.04,7.87,0.16,7.97,19.55
35039,NM,SW,5.65,49.19,0.14,0.04,5.14,0.14,1.17,33.66
35041,NM,SW,5.76,76,0.14,0.04,2.3,0.14,7.23,6.71
35043,NM,SW,9.77,33.37,0.27,0.05,4.99,1.8,1.05,4.79
35045,NM,SW,0.47,25.34,0.14,0.04,0.09,0.15,0.5,2.04
35047,NM,SW,1.09,47.78,0.14,0.04,0.35,0.14,0.94,2.6
35049,NM,SW,1.94,227.13,0.14,0.04,0.27,0.14,0.82,4.27
35051,NM,SW,3.44,39.71,0.17,0.12,1.07,0.14,0.98,3.36
35053,NM,SW,20.91,44.31,0.14,0.04,2.89,0.14,0.96,12.99
35055,NM,SW,0.71,43.22,0.14,0.04,0.24,0.14,0.75,5.29
35057,NM,SW,1.93,76.09,0.14,0.04,0.54,0.14,1.49,4.81
35059,NM,SW,0.57,10.68,0.14,0.04,0.75,0.14,0.42,5.72
35061,NM,SW,10.32,10.92,0.14,0.04,2.36,0.14,0.42,5.13
36001,NY,MA,0.35,16.48,0.14,0.04,0.06,0.14,0.42,0.36
36003,NY,MA,1.78,134.76,0.14,0.04,0.17,0.37,0.44,0.58
36015,NY,MA,0.39,115.55,0.14,0.04,0.06,0.16,0.42,0.5
36027,NY,MA,0.43,37.52,0.14,0.04,0.29,0.14,0.43,1.86
36043,NY,MA,0.61,62.8,0.14,0.04,2.63,0.14,1.42,0.9
36055,NY,MA,0.38,19.97,0.14,0.04,0.58,0.14,0.53,0.35
36063,NY,MA,0.54,20.95,0.14,0.04,0.06,0.15,0.42,0.35
36069,NY,MA,0.43,35.72,0.14,0.04,0.75,0.14,0.63,1.06
36073,NY,MA,0.38,22.63,0.14,0.04,0.11,0.14,0.42,0.35
36079,NY,MA,0.48,40.63,0.14,0.05,0.18,0.14,0.47,8.28
36091,NY,MA,0.44,90.49,0.14,0.06,0.94,0.15,0.86,0.89
36095,NY,MA,0.64,98,0.14,0.04,0.06,0.14,0.42,0.52
36099,NY,MA,0.43,17.98,0.14,0.04,0.68,0.14,0.51,1.2
36105,NY,MA,1.12,115.2,0.15,0.04,0.26,0.14,0.46,1.45
36111,NY,MA,0.61,27.39,0.14,0.04,0.12,0.14,0.42,0.36
36117,NY,MA,0.4,33.55,0.14,0.1,1.87,0.14,0.55,6.13
36119,NY,MA,0.39,29.11,0.14,0.04,0.65,0.14,0.45,1.04
36121,NY,MA,0.57,43.24,0.14,0.1,0.06,0.14,0.42,0.74
36123,NY,MA,0.53,21.42,0.14,0.04,8.21,0.14,0.43,0.65
37001,NC,SE,0.35,0.57,0.14,0.04,0.06,0.14,0.42,1.04
37005,NC,SE,0.35,0.57,0.14,0.04,0.06,0.14,0.42,2.09
37007,NC,SE,0.35,0.57,0.14,0.04,0.06,0.14,0.42,1.54
37009,NC,SE,0.35,5.11,0.14,0.04,0.06,0.14,0.42,5.14
37011,NC,SE,0.49,3.73,0.14,0.04,0.06,0.14,0.42,2.11
37013,NC,SE,0.35,0.57,0.14,0.04,0.06,0.14,0.42,2.09
37017,NC,SE,0.35,0.57,0.14,0.04,0.06,0.14,0.42,2.1
37019,NC,SE,0.35,0.57,0.14,0.04,0.06,0.14,0.42,2.38
37021,NC,SE,0.35,0.76,0.14,0.04,0.06,0.14,0.42,1.5
37023,NC,SE,0.35,0.57,0.14,0.04,0.06,0.14,0.42,0.4
37025,NC,SE,0.35,0.62,0.14,0.04,0.06,0.14,0.42,2.08
37027,NC,SE,0.35,0.57,0.14,0.04,0.06,0.14,0.42,1.26
37031,NC,SE,0.39,0.57,0.14,0.04,0.06,0.14,0.42,1.81
37035,NC,SE,0.35,0.57,0.14,0.04,0.06,0.14,0.42,1.45
37037,NC,SE,0.37,1.43,0.14,0.04,0.06,0.14,0.46,3.04
37039,NC,SE,0.35,0.57,0.14,0.04,0.06,0.14,0.42,2.09
37041,NC,SE,0.35,0.57,0.14,0.04,0.06,0.14,1.52,2.09
37043,NC,SE,0.35,1.21,0.14,0.04,0.06,0.14,0.42,2.5
37045,NC,SE,0.36,17.48,0.14,0.04,0.06,0.14,0.42,2.1
37047,NC,SE,0.35,1.15,0.14,0.04,0.06,0.14,0.42,1.59
37049,NC,SE,0.35,0.57,0.14,0.04,5.67,0.14,0.42,1.98
37051,NC,SE,0.4,0.62,0.14,0.06,0.06,0.14,0.42,1.82
37053,NC,SE,0.35,0.57,0.14,0.16,0.06,0.14,0.42,2.07
37055,NC,SE,0.35,0.57,0.14,0.04,0.06,0.14,0.43,1.8
37057,NC,SE,0.35,0.57,0.14,0.04,0.06,0.14,0.42,2.09
37059,NC,SE,0.35,0.57,0.14,0.04,0.06,0.2,0.42,2.06
37061,NC,SE,0.35,0.57,0.14,0.04,0.06,0.14,0.42,2.3
37063,NC,SE,0.35,1.51,0.14,0.04,0.06,0.14,0.42,0.71
37065,NC,SE,0.35,0.57,0.14,0.04,0.06,0.14,0.42,2.09
37067,NC,SE,0.35,0.57,0.14,0.04,0.06,0.14,0.42,1.16
37069,NC,SE,0.56,10.56,0.15,0.09,0.06,0.14,0.54,1.77
37071,NC,SE,0.37,0.64,0.14,0.04,0.06,0.14,0.42,2.27
37075,NC,SE,0.35,0.57,0.14,0.04,0.06,0.14,0.42,2.22
37077,NC,SE,0.35,0.57,0.14,0.04,0.06,0.14,0.42,2.06
37079,NC,SE,0.35,0.57,0.14,0.04,0.06,0.14,0.42,2.09
37081,NC,SE,0.35,0.57,0.14,0.04,0.06,0.14,0.42,2.57
37085,NC,SE,0.35,0.57,0.14,0.04,0.06,0.14,0.42,1.27
37087,NC,SE,0.35,0.57,0.14,0.04,0.06,0.14,0.42,1.99
37089,NC,SE,0.35,0.69,0.14,0.04,0.06,0.14,0.42,1.42
37091,NC,SE,0.35,0.57,0.14,0.04,0.06,0.14,0.42,2.09
37093,NC,SE,0.35,12.38,0.55,0.04,1.8,0.15,0.42,1.85
37095,NC,SE,0.35,0.57,0.14,0.04,0.06,0.14,0.42,1.54
37097,NC,SE,0.35,0.57,0.14,0.04,0.06,0.14,0.42,3.24
37099,NC,SE,0.43,1.08,0.15,0.05,0.06,0.14,0.42,3.05
37101,NC,SE,0.37,0.57,0.14,0.04,0.06,0.14,0.42,1.42
37107,NC,SE,0.35,0.57,0.14,0.04,0.06,0.14,0.42,2.09
37109,NC,SE,0.35,0.57,0.14,0.04,0.06,0.14,0.42,1.45
37111,NC,SE,0.36,0.57,0.14,0.04,0.06,0.14,0.42,2.72
37113,NC,SE,0.35,1.31,0.14,0.04,0.06,0.14,0.42,2.94
37115,NC,SE,0.35,0.57,0.14,0.04,0.06,0.14,0.42,2.29
37117,NC,SE,0.35,0.57,0.14,0.04,0.06,0.14,0.85,2.09
37119,NC,SE,0.35,0.57,0.14,0.04,0.06,0.14,0.45,1.61
37121,NC,SE,0.52,0.57,0.14,0.04,0.06,0.14,0.42,2.08
37125,NC,SE,0.35,0.57,0.14,0.04,0.06,0.14,0.42,1.96
37127,NC,SE,0.36,0.64,0.14,0.04,0.06,0.14,0.43,1.45
37129,NC,SE,0.35,1.17,0.14,0.04,0.21,0.14,0.42,2.61
37133,NC,SE,0.35,0.57,0.14,0.04,0.06,0.14,0.42,1.46
37135,NC,SE,0.4,1.89,0.14,0.04,0.37,0.14,0.42,1.71
37137,NC,SE,0.35,0.57,0.14,0.04,0.06,0.24,0.42,2.53
37139,NC,SE,0.35,0.57,0.14,0.04,0.06,0.14,0.42,1.39
37141,NC,SE,0.35,0.57,0.14,0.04,0.56,0.14,0.42,1.91
37143,NC,SE,0.35,0.57,0.14,0.04,0.06,0.14,0.42,2.09
37147,NC,SE,0.35,0.57,0.14,0.04,0.06,0.14,0.42,2.05
37149,NC,SE,0.35,0.57,0.14,0.04,0.06,0.14,0.42,1.41
37151,NC,SE,0.35,0.57,0.14,0.04,0.06,0.14,0.42,2.17
37153,NC,SE,0.35,0.57,0.14,0.04,0.06,0.14,0.42,1.9
37155,NC,SE,0.35,0.57,0.15,0.04,0.06,0.14,0.42,2.8
37157,NC,SE,0.35,3.15,0.14,0.04,0.1,0.14,0.42,2.33
37161,NC,SE,0.35,0.57,0.14,0.04,0.06,0.14,0.42,2.04
37163,NC,SE,0.56,0.57,0.14,0.04,0.12,0.14,0.98,2.42
37165,NC,SE,0.35,0.57,0.14,0.04,0.06,0.14,0.42,2.52
37167,NC,SE,0.72,0.57,0.14,0.04,0.06,0.14,0.42,2.09
37169,NC,SE,0.35,2.43,0.14,0.04,0.06,0.14,0.43,1.63
37171,NC,SE,0.35,0.57,0.14,0.04,0.06,0.14,0.42,1.44
37173,NC,SE,0.51,1.48,0.15,0.06,0.07,0.14,0.43,0.8
37175,NC,SE,0.35,0.57,0.14,0.04,0.06,0.14,0.42,5.94
37177,NC,SE,0.35,0.57,0.14,0.04,0.06,0.14,0.42,0.35
37183,NC,SE,0.36,0.67,0.14,0.04,0.06,0.14,0.44,2.53
37189,NC,SE,0.35,0.57,0.14,0.04,0.06,0.14,0.42,2.16
37191,NC,SE,0.38,0.57,0.14,0.04,0.06,0.14,0.42,1.71
37193,NC,SE,0.35,0.57,0.14,0.04,0.06,0.14,0.42,2.08
37195,NC,SE,0.35,1.06,0.14,0.04,0.12,0.14,0.42,2.1
37197,NC,SE,0.35,16.97,0.14,0.1,0.06,0.14,0.42,2.1
37199,NC,SE,0.35,0.57,0.14,0.04,0.06,0.14,0.42,1.15
38003,ND,CMW,0.67,9.87,0.14,0.04,0.82,0.14,2.54,0.46
38005,ND,CMW,8.38,39.73,0.14,0.04,0.75,0.14,1.07,0.91
38009,ND,CMW,2.14,68.23,0.14,0.04,0.94,0.14,2.31,9.74
38011,ND,CMW,0.35,104.99,0.14,0.04,0.7,0.14,2.64,0.41
38013,ND,CMW,3.16,76.92,0.14,0.04,0.06,0.14,7.43,4.42
38015,ND,CMW,0.35,16.49,0.14,0.04,0.06,0.14,0.42,0.88
38017,ND,CMW,0.81,36.69,0.14,0.04,0.22,0.14,1.62,0.79
38019,ND,CMW,1.58,11,0.14,0.04,0.06,0.14,2.6,0.9
38021,ND,CMW,2.67,48.36,0.14,0.04,0.06,0.14,1.97,2.6
38023,ND,CMW,7.96,54.59,0.14,0.04,0.06,0.14,10.92,1.65
38025,ND,CMW,1.75,21.97,0.14,0.04,0.31,0.14,0.82,2.2
38027,ND,CMW,6.32,25.19,0.14,0.04,0.06,0.14,2.33,1.07
38029,ND,CMW,1.69,28.8,0.14,0.04,1.42,0.14,3.64,7.14
38031,ND,CMW,3.45,16.4,0.14,0.04,0.06,0.14,1.55,0.84
38035,ND,CMW,0.99,16.48,0.14,0.04,0.06,0.14,0.44,0.72
38039,ND,CMW,3.91,52.22,0.14,0.04,0.06,0.14,0.64,1.24
38043,ND,CMW,0.64,5.06,0.14,0.04,0.45,0.14,1.03,1.73
38047,ND,CMW,1.04,69.6,0.14,0.04,1.82,0.14,0.42,2.19
38049,ND,CMW,2.02,219.42,0.14,0.04,0.06,0.14,2.05,2.28
38051,ND,CMW,1.22,37.8,0.14,0.04,1.11,0.14,0.82,2.81
38053,ND,CMW,2.07,55.46,0.14,0.04,1.75,0.14,4.11,0.89
38055,ND,CMW,1.3,67.19,0.14,0.04,0.19,0.14,0.95,2.67
38057,ND,CMW,2.56,48.91,0.14,0.04,1.2,0.14,8.55,0.97
38059,ND,CMW,0.35,16.3,0.14,0.04,0.06,0.14,0.42,0.61
38061,ND,CMW,2.68,25.19,0.14,0.04,0.36,0.14,2.02,1.17
38063,ND,CMW,2.81,50.31,0.14,0.04,0.06,0.14,1.32,3.54
38065,ND,CMW,1.65,64.39,0.14,0.04,0.06,0.14,0.42,1.45
38067,ND,CMW,1.57,145.59,0.14,0.04,0.06,0.14,0.63,0.61
38069,ND,CMW,1.53,10.48,0.14,0.04,0.09,0.14,0.42,0.73
38071,ND,CMW,16.9,83.4,0.14,0.04,0.06,0.14,0.69,1.14
38073,ND,CMW,1.25,29.02,0.14,0.04,1.09,0.14,2.85,0.82
38075,ND,CMW,0.87,46.84,0.14,0.04,0.06,0.14,1.4,1.51
38077,ND,CMW,3.58,94.16,0.14,0.04,0.68,0.14,0.98,1.09
38079,ND,CMW,2.84,54.01,0.14,0.04,0.06,0.14,0.95,3.76
38081,ND,CMW,2.01,4.11,0.14,0.04,0.06,0.14,0.46,1.94
38087,ND,CMW,0.35,14.4,0.14,0.04,0.06,0.14,1.74,0.92
38089,ND,CMW,0.35,14.3,0.14,0.04,0.06,0.14,1.12,0.37
38093,ND,CMW,5.55,7.61,0.14,0.04,1.59,0.14,0.43,0.86
38095,ND,CMW,1.28,6.6,0.14,0.04,0.06,0.14,1.86,0.35
38097,ND,CMW,8.27,52.62,0.14,0.04,0.06,0.14,0.63,3.06
38099,ND,CMW,0.35,10.55,0.14,0.04,0.06,0.14,1.77,0.69
38101,ND,CMW,2.43,35.55,0.14,0.04,1.82,0.14,4.9,0.64
38103,ND,CMW,0.71,34.14,0.14,0.04,0.43,0.14,0.55,0.88
38105,ND,CMW,0.64,18.53,0.14,0.04,0.06,0.14,0.5,1.54
39061,OH,EMW,0.41,23.49,0.14,0.04,0.84,0.14,0.94,0.35
39087,OH,EMW,0.35,13.97,0.14,0.04,0.06,0.14,0.42,0.35
39113,OH,EMW,0.36,34.98,0.14,0.04,0.06,0.14,0.42,1.48
40001,OK,SE,0.35,34.3,0.14,0.04,0.06,0.14,0.42,0.35
40003,OK,SE,0.81,109.02,0.14,0.04,0.06,0.14,1.07,3
40005,OK,SE,0.42,21.29,0.14,0.04,0.06,0.14,0.42,0.35
40007,OK,SE,2.98,200.65,0.14,0.04,0.73,0.14,2.99,2.91
40009,OK,SE,1,108.02,0.14,0.04,0.06,0.14,0.42,1.95
40011,OK,SE,0.84,114.74,0.14,0.04,0.06,0.14,0.42,6.21
40013,OK,SE,0.35,61.49,0.14,0.04,0.3,0.14,0.42,0.35
40015,OK,SE,3.93,144.66,0.14,0.04,0.21,0.14,0.8,2.16
40017,OK,SE,4.51,146.85,0.14,0.04,10.62,0.14,5.19,8.08
40019,OK,SE,0.87,64.94,0.14,0.04,0.06,0.15,0.57,0.38
40021,OK,SE,0.35,34.28,0.14,0.04,0.06,0.14,0.45,0.61
40023,OK,SE,0.38,24.31,0.14,0.04,0.64,0.14,0.42,0.44
40025,OK,SE,2.9,51.52,0.14,0.04,0.06,0.14,0.42,9.52
40027,OK,SE,3.61,245.43,0.14,0.05,31.33,0.14,1.81,7.19
40029,OK,SE,0.35,45.86,0.14,0.04,0.06,0.14,0.42,0.35
40031,OK,SE,0.59,158.98,0.14,0.04,0.06,0.14,0.42,0.44
40033,OK,SE,1.8,238.71,0.14,0.04,0.06,0.14,0.42,0.54
40035,OK,SE,0.44,57.34,0.14,0.04,0.06,0.14,0.42,0.35
40037,OK,SE,0.52,53.31,0.14,0.04,0.06,0.14,0.69,3.02
40039,OK,SE,8.93,124.55,0.14,0.04,0.07,0.14,0.45,1.42
40041,OK,SE,0.43,47.37,0.14,0.04,0.69,0.14,1.25,0.36
40043,OK,SE,0.88,192.39,0.14,0.04,0.06,0.14,0.42,1.53
40045,OK,SE,1.93,187.08,0.14,0.04,1.7,0.14,0.42,1.64
40047,OK,SE,2.04,288.46,0.14,0.04,0.07,0.14,3.52,3.32
40049,OK,SE,0.72,124.71,0.14,0.04,0.06,0.14,0.61,0.89
40051,OK,SE,2.31,120.34,0.14,0.04,0.06,0.14,0.72,0.8
40053,OK,SE,2.47,207.25,0.14,0.04,0.06,0.14,7.96,6.81
40055,OK,SE,0.35,205.23,0.14,0.04,0.06,0.14,0.42,0.36
40057,OK,SE,0.35,105.03,0.14,0.04,0.06,0.14,0.42,2.63
40059,OK,SE,4.72,107.66,0.14,0.04,0.2,0.14,0.63,4.78
40061,OK,SE,0.35,73.64,0.14,0.04,0.06,0.14,0.42,0.35
40063,OK,SE,0.4,73.57,0.14,0.04,0.06,0.14,0.44,0.37
40065,OK,SE,1.53,107.76,0.14,0.04,0.06,0.14,0.42,0.99
40067,OK,SE,1.53,151.19,0.14,0.04,0.45,0.14,0.42,1.79
40069,OK,SE,0.47,50.45,0.14,0.05,0.06,0.14,0.49,0.66
40071,OK,SE,0.65,40.02,0.14,0.04,0.06,0.14,0.42,0.74
40073,OK,SE,1.24,196.96,0.14,0.04,0.06,0.14,0.42,4.26
40075,OK,SE,1.76,75.06,0.14,0.04,0.16,0.14,0.66,1.7
40077,OK,SE,0.35,12.98,0.14,0.04,0.06,0.14,0.42,0.59
40079,OK,SE,0.35,20.52,0.14,0.04,0.06,0.14,0.42,0.35
40081,OK,SE,0.6,79.53,0.14,0.04,0.17,0.14,0.77,2.18
40083,OK,SE,0.81,191.92,0.14,0.04,0.49,0.14,2.98,6.65
40085,OK,SE,0.35,52.22,0.14,0.15,0.06,0.14,0.42,0.64
40087,OK,SE,0.45,182.75,0.14,0.05,6.4,0.14,0.83,3.56
40089,OK,SE,0.35,5.98,0.14,0.04,0.06,0.14,0.42,0.35
40091,OK,SE,0.64,80.04,0.14,0.04,0.06,0.14,0.42,0.35
40093,OK,SE,1.82,220.72,0.14,0.04,0.06,0.14,4.21,3.25
40095,OK,SE,0.93,39.96,0.22,0.46,0.06,0.14,0.83,0.39
40097,OK,SE,0.36,47.04,0.14,0.04,0.06,0.14,0.42,0.35
40099,OK,SE,0.36,71.73,0.14,0.04,2.01,0.14,0.55,0.63
40101,OK,SE,0.55,60.15,0.14,0.04,0.06,0.14,0.42,1.4
40103,OK,SE,0.46,48.33,0.14,0.04,0.06,0.14,0.42,3.38
40105,OK,SE,0.36,63.11,0.14,0.04,0.06,0.14,0.49,0.35
40107,OK,SE,0.58,63.68,0.14,0.04,0.06,0.14,0.42,0.48
40109,OK,SE,1.03,96.89,0.14,0.04,1.21,0.14,1.14,1.66
40111,OK,SE,0.35,26.43,0.14,0.04,0.06,0.12,0.42,0.4
40113,OK,SE,0.65,58.61,0.14,0.04,0.29,0.14,0.42,0.54
40115,OK,SE,0.38,29.35,0.14,0.04,0.06,0.14,0.42,0.35
40117,OK,SE,0.92,78.71,0.14,0.04,0.06,0.14,1.13,0.49
40119,OK,SE,1.05,75.46,0.14,0.04,0.4,0.14,0.91,0.58
40121,OK,SE,0.35,39.01,0.14,0.07,0.06,0.14,0.56,0.42
40125,OK,SE,0.45,149.82,0.14,0.04,2.55,0.14,2.29,1.08
40127,OK,SE,0.35,30.58,0.14,0.04,0.06,0.14,0.42,0.35
40129,OK,SE,2.79,297.49,0.14,0.04,0.06,0.14,0.42,2.16
40131,OK,SE,0.35,48.5,0.14,0.04,0.06,0.14,0.49,0.35
40133,OK,SE,0.53,101.55,0.14,0.04,1.07,0.14,0.67,0.39
40135,OK,SE,0.47,28.17,0.14,0.04,0.06,0.14,0.42,0.35
40137,OK,SE,0.43,149.45,0.14,0.04,0.06,0.14,0.42,0.91
40139,OK,SE,3.63,36.53,0.14,0.04,0.33,0.14,0.77,10.14
40141,OK,SE,2.74,144.39,0.14,0.04,0.06,0.14,6.65,6.69
40143,OK,SE,0.41,47.83,0.14,0.04,0.06,0.14,0.42,0.35
40145,OK,SE,0.35,46.99,0.14,0.04,0.06,0.14,0.42,0.35
40147,OK,SE,0.35,36.7,0.14,0.04,0.06,0.14,0.42,0.35
40149,OK,SE,4.52,486.56,0.14,0.04,0.06,0.14,0.86,0.54
40151,OK,SE,0.35,215,0.14,0.04,0.06,0.14,0.42,1.46
40153,OK,SE,1.9,175.33,0.14,0.04,0.06,0.14,0.42,0.84
41001,OR,PNW,0.93,5.36,0.14,0.04,1.17,0.14,0.44,0.42
41003,OR,PNW,0.37,0.57,0.14,0.04,0.06,0.14,0.43,0.35
41005,OR,PNW,0.65,1.94,0.14,0.04,0.1,0.14,0.42,1.76
41007,OR,PNW,0.36,0.99,0.14,0.04,0.06,0.14,0.42,0.48
41009,OR,PNW,0.54,2.14,0.14,0.04,0.06,0.14,0.42,0.36
41011,OR,PNW,0.49,0.57,0.14,0.04,0.06,0.14,0.44,0.35
41013,OR,PNW,2.29,13.46,0.14,0.04,0.06,0.14,0.43,2.14
41015,OR,PNW,0.36,1.1,0.14,0.04,0.06,0.14,0.42,0.5
41017,OR,PNW,0.86,0.58,0.14,0.04,0.06,0.14,0.42,0.46
41019,OR,PNW,0.37,0.57,0.14,0.04,0.06,0.14,0.42,0.71
41021,OR,PNW,1.74,13.37,0.14,0.12,0.49,0.14,0.66,4.81
41023,OR,PNW,1.28,21.53,0.14,0.04,5.14,0.14,0.49,0.74
41025,OR,PNW,3.24,9.91,0.14,0.05,1.02,0.14,0.42,1.44
41027,OR,PNW,0.35,0.84,0.14,0.04,0.14,0.14,0.42,0.35
41029,OR,PNW,0.51,1.78,0.14,0.04,0.06,0.14,0.42,0.36
41031,OR,PNW,1.91,0.57,0.14,0.04,0.06,0.14,0.42,0.47
41033,OR,PNW,0.38,0.79,0.14,0.04,0.06,0.14,0.43,0.4
41035,OR,PNW,2.48,0.58,0.14,0.04,0.06,0.14,0.42,0.35
41037,OR,PNW,4.73,0.57,0.14,0.04,0.06,0.14,0.42,1.63
41039,OR,PNW,0.58,1.16,0.14,0.04,0.08,0.14,0.51,0.37
41041,OR,PNW,0.37,0.57,0.14,0.04,0.06,0.14,0.52,0.37
41043,OR,PNW,0.48,0.77,0.14,0.04,0.06,0.14,0.42,0.36
41045,OR,PNW,7.04,66.24,0.14,0.05,2.33,0.14,1.28,6.32
41047,OR,PNW,1.03,0.67,0.14,0.04,0.1,0.14,0.42,0.37
41049,OR,PNW,2.39,17.69,0.14,0.04,0.2,0.14,0.55,3.01
41051,OR,PNW,0.96,6.53,0.14,0.04,0.06,0.14,0.42,0.39
41053,OR,PNW,0.45,0.63,0.14,0.04,0.06,0.14,0.42,0.35
41055,OR,PNW,0.63,8.39,0.14,0.04,0.06,0.14,0.42,0.43
41057,OR,PNW,0.44,0.56,0.14,0.04,0.06,0.14,0.42,0.49
41059,OR,PNW,0.84,16.65,0.14,0.04,0.29,0.14,0.68,1.82
41061,OR,PNW,1.18,28.25,0.14,0.04,0.46,0.14,0.42,0.58
41063,OR,PNW,0.73,1.4,0.14,0.04,0.14,0.14,0.47,0.72
41065,OR,PNW,0.45,5.28,0.14,0.04,0.07,0.14,0.42,0.47
41067,OR,PNW,0.35,2.25,0.14,0.04,0.06,0.14,0.42,3.54
41069,OR,PNW,1.16,0.57,0.14,0.04,0.06,0.14,0.67,1.85
41071,OR,PNW,1.02,3.26,0.14,0.04,0.06,0.14,0.42,0.41
42001,PA,MA,1.77,53.23,0.14,0.04,0.75,0.14,0.98,10.38
42003,PA,MA,0.51,34.29,0.15,0.04,0.16,0.14,0.42,0.35
42005,PA,MA,0.62,29.62,0.14,0.04,0.06,0.14,0.42,0.35
42007,PA,MA,0.42,34.43,0.14,0.04,0.06,0.24,0.42,0.35
42011,PA,MA,0.61,34.45,0.14,0.04,0.27,0.14,0.5,0.6
42015,PA,MA,0.66,59.29,0.14,0.04,2.97,0.14,0.43,0.98
42017,PA,MA,1.83,139.25,0.14,0.04,1.03,0.15,0.59,3.58
42019,PA,MA,0.36,24.61,0.14,0.04,0.08,0.14,0.44,0.35
42021,PA,MA,0.47,38.55,0.14,0.07,0.41,0.14,0.42,0.35
42025,PA,MA,0.47,24.72,0.14,0.05,0.36,0.14,2.03,0.35
42027,PA,MA,0.35,35.09,0.14,0.04,0.16,0.14,0.42,0.36
42029,PA,MA,0.61,74.51,0.14,0.04,1.69,0.15,0.63,0.47
42031,PA,MA,0.35,19.06,0.14,0.04,0.06,0.14,0.42,0.35
42033,PA,MA,0.35,139.75,0.14,0.05,0.06,0.14,0.42,0.36
42035,PA,MA,0.37,24.06,0.14,0.04,0.06,0.14,0.42,0.35
42037,PA,MA,0.43,25.6,0.14,0.04,0.07,0.14,0.45,0.96
42039,PA,MA,1.15,106.67,0.14,0.06,0.59,0.14,0.45,0.35
42041,PA,MA,0.38,27.65,0.14,0.04,0.44,0.15,0.69,0.68
42043,PA,MA,0.42,34.01,0.14,0.05,0.26,0.14,0.42,0.93
42045,PA,MA,0.35,27.96,0.14,0.04,0.06,0.14,0.42,0.35
42047,PA,MA,0.35,45.18,0.14,0.04,0.06,0.14,0.42,0.35
42049,PA,MA,0.4,34.81,0.14,0.04,0.62,0.14,0.57,0.35
42051,PA,MA,0.36,41.76,0.14,0.04,0.18,0.14,0.42,0.35
42053,PA,MA,0.35,312.5,0.14,0.04,3.65,0.14,0.42,0.35
42055,PA,MA,0.48,36.53,0.14,0.04,0.67,0.14,0.42,0.56
42059,PA,MA,0.92,22.18,0.14,0.04,0.06,0.14,0.42,0.35
42063,PA,MA,0.49,143.21,0.14,0.04,0.06,0.14,0.42,0.41
42065,PA,MA,0.48,137.96,0.14,0.04,0.06,0.14,0.42,0.35
42067,PA,MA,0.41,41.94,0.14,0.04,0.09,0.14,0.42,2.79
42069,PA,MA,1.14,29.68,0.14,0.04,0.06,0.14,0.43,1.2
42071,PA,MA,0.48,50.02,0.14,0.04,0.72,0.14,0.57,1.51
42073,PA,MA,0.64,1.63,0.14,0.04,0.06,0.14,0.42,0.35
42077,PA,MA,0.57,34.84,0.14,0.08,3.1,0.14,1.15,0.44
42079,PA,MA,0.42,20.56,0.14,0.04,0.11,0.14,0.42,0.42
42081,PA,MA,0.45,59.53,0.14,0.04,0.08,0.14,0.42,0.35
42083,PA,MA,0.47,101.15,0.14,0.04,0.06,0.14,0.43,0.35
42089,PA,MA,0.53,28.43,0.14,0.06,0.14,0.14,0.42,1.66
42091,PA,MA,0.59,53.81,0.14,0.04,1.42,0.14,1.28,1.41
42093,PA,MA,0.35,27.92,0.14,0.04,0.09,0.14,0.42,0.35
42095,PA,MA,0.49,3.08,0.14,0.04,0.06,0.14,0.42,0.35
42097,PA,MA,0.37,22.59,0.14,0.04,0.06,0.14,0.42,0.35
42099,PA,MA,3.72,118.13,0.14,0.04,0.82,0.14,0.42,0.57
42101,PA,MA,0.45,30,0.14,0.04,1.02,0.14,0.42,0.35
42103,PA,MA,0.72,69.74,0.14,0.04,0.85,0.14,0.82,0.5
42105,PA,MA,0.78,143.63,0.14,0.04,0.06,0.14,0.42,0.35
42107,PA,MA,1.02,18.62,0.12,0.07,0.17,0.14,0.42,0.41
42109,PA,MA,0.53,51.18,0.14,0.04,0.52,0.14,0.49,0.79
42111,PA,MA,0.35,77.72,0.14,0.04,0.06,0.14,0.42,0.35
42115,PA,MA,0.37,39.67,0.14,0.04,0.06,0.14,0.42,0.39
42117,PA,MA,0.75,78.3,0.14,0.19,0.06,0.14,0.42,0.62
42119,PA,MA,0.4,99.45,0.14,0.04,0.06,0.16,0.42,0.35
42123,PA,MA,0.58,50.77,0.14,0.05,0.24,0.14,0.42,0.35
42125,PA,MA,0.59,24.56,0.16,0.05,0.06,0.14,0.47,0.35
42127,PA,MA,2.93,198.28,0.14,0.04,0.4,0.14,0.66,2.01
42129,PA,MA,0.35,12.23,0.14,0.04,0.06,0.14,0.42,0.35
42133,PA,MA,0.45,27.84,0.14,0.04,0.08,0.14,0.42,1.73
44009,RI,MA,0.35,17.81,0.15,0.04,0.97,0.14,0.42,2.15
45001,SC,SE,0.35,8.89,0.14,0.04,0.06,0.14,0.42,0.4
45003,SC,SE,0.35,1.54,0.14,0.04,0.06,0.14,0.42,2.45
45005,SC,SE,0.35,0.57,0.14,0.04,0.06,0.14,0.42,0.35
45007,SC,SE,0.35,0.59,0.14,0.15,0.06,0.14,0.42,0.35
45009,SC,SE,0.35,57.38,0.42,0.04,0.11,0.14,0.42,0.69
45011,SC,SE,0.35,37.87,0.14,0.04,0.06,0.14,0.42,0.35
45013,SC,SE,0.35,0.57,0.14,0.08,0.06,0.14,0.44,0.68
45015,SC,SE,0.35,0.57,0.14,0.1,0.06,0.15,0.42,0.44
45017,SC,SE,0.35,0.57,0.14,0.07,0.06,0.15,0.51,0.41
45019,SC,SE,0.35,0.57,0.14,0.09,0.06,0.14,0.42,0.35
45021,SC,SE,0.35,0.57,0.14,0.04,0.06,0.18,0.42,0.35
45023,SC,SE,0.35,0.57,0.14,0.04,0.06,0.17,0.42,0.35
45025,SC,SE,0.35,0.85,0.14,0.04,0.06,0.14,0.42,0.56
45027,SC,SE,0.35,1.68,0.14,0.04,0.1,0.14,0.43,1.34
45029,SC,SE,0.35,0.57,0.14,0.04,0.06,0.14,0.42,0.63
45031,SC,SE,0.35,1.25,0.14,0.04,0.06,0.14,0.42,0.37
45033,SC,SE,0.35,42.87,0.4,0.04,0.06,0.15,0.47,0.35
45035,SC,SE,0.35,0.57,0.14,0.09,0.06,0.14,0.84,0.35
45037,SC,SE,0.35,0.57,0.14,0.04,0.06,0.14,0.42,0.35
45039,SC,SE,0.35,6.12,0.14,0.04,0.06,0.14,0.44,3.76
45041,SC,SE,0.35,3.07,0.14,0.04,0.06,0.14,0.42,0.35
45043,SC,SE,0.35,0.57,0.14,0.04,1.41,0.14,0.42,0.35
45045,SC,SE,0.35,0.57,0.14,0.04,0.06,0.14,0.42,0.35
45047,SC,SE,0.35,0.57,0.14,0.04,0.06,0.14,0.42,0.35
45049,SC,SE,0.35,5.01,0.14,0.17,0.06,0.14,0.42,0.35
45051,SC,SE,0.35,0.57,0.14,0.04,0.06,0.14,0.42,0.35
45053,SC,SE,0.35,1.18,0.14,0.04,0.06,0.14,0.42,0.35
45055,SC,SE,0.35,18.7,0.14,0.04,0.06,0.14,0.44,3.15
45057,SC,SE,0.35,0.57,0.14,0.04,2.55,0.14,0.42,0.35
45059,SC,SE,0.35,0.83,0.28,0.05,0.06,0.14,0.42,0.35
45061,SC,SE,0.35,10.79,0.14,0.05,0.06,0.14,0.42,0.35
45063,SC,SE,0.39,3.98,0.14,0.04,0.34,0.14,0.51,1
45065,SC,SE,0.35,0.57,0.14,0.04,0.06,0.14,0.42,0.35
45067,SC,SE,0.35,0.57,0.14,0.04,0.06,0.19,0.42,0.35
45069,SC,SE,0.35,5.58,0.14,0.04,0.06,0.18,0.42,1.27
45071,SC,SE,0.35,3.16,0.14,0.04,0.12,0.14,0.42,3
45073,SC,SE,0.35,0.57,0.14,0.04,0.06,0.15,0.42,0.85
45075,SC,SE,0.35,0.83,0.14,0.05,0.06,0.14,0.43,0.35
45077,SC,SE,0.35,0.57,0.14,0.04,0.06,0.14,0.61,0.35
45079,SC,SE,0.35,0.76,0.14,0.04,0.06,0.14,0.42,0.36
45083,SC,SE,0.35,0.57,0.14,0.04,0.06,0.14,0.42,0.35
45085,SC,SE,0.36,34.55,0.14,0.04,0.06,0.14,0.45,0.44
45087,SC,SE,0.35,0.57,0.14,0.04,0.06,0.14,0.42,0.39
45089,SC,SE,0.35,0.57,0.14,0.04,0.06,0.14,0.42,0.35
45091,SC,SE,0.35,1.16,0.14,0.04,1.2,0.14,0.44,0.64
46007,SD,CMW,9.8,109.81,0.14,0.04,4.78,0.14,2.12,1.61
46011,SD,CMW,2.99,6.98,0.14,0.04,1.66,0.14,1.86,0.35
46013,SD,CMW,1.01,38.26,0.14,0.04,2.96,0.14,1.8,0.35
46015,SD,CMW,0.35,12.4,0.14,0.04,1.7,0.14,2,0.35
46019,SD,CMW,1.59,87.6,0.14,0.11,0.82,0.14,3.54,1.03
46021,SD,CMW,0.35,53.2,0.14,0.04,0.06,0.14,1.1,0.35
46025,SD,CMW,0.69,42.33,0.14,0.06,6.54,0.14,1.24,0.35
46027,SD,CMW,1.48,4.2,0.14,0.04,0.4,0.14,0.8,0.35
46029,SD,CMW,4.13,127.58,0.14,0.04,3.7,0.14,0.45,0.35
46031,SD,CMW,0.83,39.52,0.14,0.04,6.2,0.14,0.72,0.35
46033,SD,CMW,1.36,100.92,0.14,0.04,1.7,0.14,1.88,4.95
46037,SD,CMW,0.35,44.57,0.14,0.04,2.07,0.14,1.03,0.35
46041,SD,CMW,1.88,45.84,0.14,0.04,5.58,0.14,2,0.35
46045,SD,CMW,0.35,53.2,0.14,0.04,0.06,0.14,1.1,0.35
46047,SD,CMW,3.62,56.01,0.14,0.04,0.06,0.14,0.42,0.96
46049,SD,CMW,0.35,52.85,0.14,0.04,0.06,0.14,1.09,0.35
46051,SD,CMW,2.03,53.66,0.14,0.04,5.57,0.14,1.46,0.35
46053,SD,CMW,4.32,80.16,0.14,0.04,1.93,0.14,1.43,0.92
46057,SD,CMW,0.79,89.33,0.14,0.04,5.51,0.14,1.92,1.33
46063,SD,CMW,2,28.5,0.14,0.04,7.2,0.14,0.42,0.35
46065,SD,CMW,2.08,43.62,0.14,0.04,3.9,0.14,1.48,0.35
46077,SD,CMW,2.51,34.1,0.14,0.04,2.03,0.14,0.59,0.35
46079,SD,CMW,0.8,10.78,0.14,0.04,2.03,0.14,2.9,0.35
46081,SD,CMW,0.42,100.69,0.14,0.04,0.06,0.14,0.42,0.4
46083,SD,CMW,1.08,20.03,0.14,0.04,5.45,0.14,0.75,0.35
46085,SD,CMW,3.81,67.55,0.14,0.04,1.37,0.14,0.83,0.35
46087,SD,CMW,0.89,13.33,0.14,0.04,2.53,0.14,1.82,0.35
46089,SD,CMW,0.35,53.2,0.14,0.04,0.06,0.14,1.1,0.35
46091,SD,CMW,0.38,44.1,0.14,0.04,1.99,0.14,1.04,0.35
46093,SD,CMW,2.22,114.27,0.14,0.04,3.15,0.14,2.29,0.58
46095,SD,CMW,4,69,0.14,0.04,1.4,0.14,0.8,0.35
46103,SD,CMW,0.86,40.12,0.21,0.13,0.49,0.15,4.22,1.72
46107,SD,CMW,0.35,53.2,0.14,0.04,0.06,0.14,1.1,0.35
46109,SD,CMW,2.14,39.94,0.14,0.04,7.5,0.14,0.45,0.35
46115,SD,CMW,0.35,52.85,0.14,0.04,0.06,0.14,1.1,0.35
46121,SD,CMW,3.59,83.02,0.14,0.04,1.28,0.14,0.77,1.86
46123,SD,CMW,4.85,80.99,0.14,0.04,2.75,0.14,1.65,0.35
46125,SD,CMW,0.58,15.07,0.14,0.04,2.65,0.14,1.67,0.35
46127,SD,CMW,0.42,16.83,0.14,0.04,4.14,0.14,0.64,0.35
46129,SD,CMW,0.35,49.07,0.14,0.04,0.22,0.14,1.1,0.35
46137,SD,CMW,2,42.2,0.14,0.04,5.6,0.14,2.1,0.35
47099,TN,SE,1.61,12.4,0.66,0.52,0.06,0.14,0.91,0.35
47149,TN,SE,1.31,14.72,0.58,0.11,0.29,0.14,0.96,0.35
48013,TX,SW,0.4,125.78,0.14,0.04,1.22,0.14,0.74,1.45
48047,TX,SW,1.29,87.07,0.14,0.04,1.44,0.14,12.88,11.6
48095,TX,SW,1.97,250.58,0.14,0.04,0.06,0.14,3.5,1
48117,TX,SW,3.17,40.27,0.14,0.04,0.06,0.14,7.66,16.16
48123,TX,SW,1.48,116.92,0.14,0.04,0.79,0.14,0.68,0.9
48131,TX,SW,21.56,44.77,0.14,0.04,5.55,0.14,6.2,13
48157,TX,SW,2.49,191.99,0.14,0.04,0.1,0.14,2.01,3.75
48171,TX,SW,0.79,114.93,0.14,0.04,4.61,0.14,2.41,4.08
48173,TX,SW,0.35,36.8,0.14,0.04,0.06,0.14,0.42,14.2
48201,TX,SW,2.92,182.35,0.14,0.04,0.06,0.14,1.57,10.25
48219,TX,SW,7.41,41.91,0.14,0.04,0.87,0.14,5.42,16.71
48229,TX,SW,14.17,33.84,0.14,0.04,4.78,0.14,17.1,20.31
48235,TX,SW,1.97,126.51,0.14,0.04,0.24,0.14,0.42,23
48243,TX,SW,3.18,24.28,0.14,0.04,0.06,0.14,0.42,4.85
48259,TX,SW,0.41,37.96,0.14,0.04,2.9,0.14,1.48,0.86
48261,TX,SW,6.45,24.2,0.14,0.04,1.86,0.14,20.43,30.51
48263,TX,SW,3.45,14.52,0.14,0.04,5.65,0.14,14.71,53.09
48265,TX,SW,0.6,90.21,0.14,0.05,2.81,0.14,1.34,3.92
48273,TX,SW,4.64,32.95,0.14,0.04,9.35,0.14,8.03,10.63
48305,TX,SW,5,136.72,0.14,0.04,0.31,0.14,11.53,19.12
48307,TX,SW,3.81,62.47,0.14,0.04,0.06,0.14,7.43,1.24
48319,TX,SW,1.48,107.15,0.14,0.04,0.06,0.14,0.42,3.09
48325,TX,SW,0.43,65.65,0.14,0.05,2.08,0.14,0.77,3.27
48341,TX,SW,0.35,63.5,0.14,0.04,1.5,0.14,4.38,5.54
48371,TX,SW,0.78,27.4,0.14,0.04,2.64,0.14,3.56,2.06
48383,TX,SW,0.35,27.75,0.14,0.04,0.54,0.14,5.11,10
48411,TX,SW,0.87,108.11,0.14,0.04,0.06,0.14,0.56,1.86
48421,TX,SW,2.14,46.58,0.14,0.04,0.06,0.14,4.84,14.82
48445,TX,SW,3.1,110.86,0.14,0.04,2.22,0.14,2.17,17.09
48451,TX,SW,4.7,255.35,0.14,0.04,0.06,0.14,9.19,3.6
48477,TX,SW,1.13,113.03,0.14,0.04,0.06,0.14,2.39,2.3
48497,TX,SW,0.72,70.4,0.14,0.04,1.03,0.14,1.03,17.97
49001,UT,SW,2.8,41.86,0.14,0.04,1.8,0.14,2.04,17.6
49035,UT,SW,2.72,90.82,0.14,0.05,0.67,0.19,2.22,11.97
49037,UT,SW,5.9,67.67,0.14,0.06,0.46,0.15,1.5,2.88
49049,UT,SW,1.01,58.8,0.14,0.04,0.49,0.14,2.52,5.27
49051,UT,SW,1.85,121.1,0.14,0.04,0.15,0.14,1.25,0.45
49053,UT,SW,4.51,89.42,0.14,0.04,0.44,0.16,1.85,14.79
50001,VT,NE,0.37,2.56,0.14,0.04,0.06,0.14,0.42,1.14
50003,VT,NE,0.37,23.65,0.14,0.04,0.17,0.48,0.42,0.63
50005,VT,NE,0.61,21.25,0.14,0.04,0.06,0.14,0.42,3.15
50007,VT,NE,0.37,1.45,0.15,0.04,0.06,0.14,0.42,0.52
50009,VT,NE,1.82,5.69,0.14,0.04,0.06,0.14,0.42,0.63
50011,VT,NE,0.61,2.34,0.14,0.04,0.06,0.14,0.42,0.61
50013,VT,NE,0.35,0.99,0.14,0.04,0.06,0.16,0.42,0.36
50015,VT,NE,0.54,6.7,0.14,0.04,0.06,0.14,0.42,0.77
50017,VT,NE,0.7,23.38,0.47,0.04,0.06,0.14,0.42,0.99
50019,VT,NE,3.85,10.74,0.14,0.04,0.06,0.14,0.42,0.54
50021,VT,NE,0.42,13.7,0.14,0.04,0.06,0.14,0.42,0.97
50025,VT,NE,0.41,16.05,0.14,0.04,0.14,0.31,0.44,1.4
50027,VT,NE,0.41,24.78,0.14,0.08,0.1,0.14,0.48,1.87
51015,VA,SE,0.35,29.09,0.14,0.14,0.1,0.14,0.42,0.54
51023,VA,SE,0.37,43.83,0.16,0.04,0.47,0.14,0.42,0.48
51033,VA,SE,0.35,6.03,0.14,0.04,0.16,0.14,0.42,0.51
51035,VA,SE,0.35,8.16,0.14,0.04,0.06,0.14,0.42,2.04
51037,VA,SE,0.35,11.85,0.14,0.04,0.2,0.14,0.42,2.6
51047,VA,SE,0.46,10.51,0.14,0.04,0.07,0.14,0.45,0.49
51057,VA,SE,0.36,2.01,0.14,0.04,0.06,0.14,0.42,0.35
51059,VA,SE,0.35,32.47,0.14,0.04,0.06,0.15,0.42,0.35
51065,VA,SE,0.35,11.09,0.14,0.04,0.06,0.14,0.42,0.37
51075,VA,SE,0.35,15,0.14,0.04,0.06,0.14,0.42,7.34
51079,VA,SE,0.35,15.84,0.14,0.04,0.62,0.14,0.42,0.35
51085,VA,SE,0.35,13.96,0.14,0.04,0.07,0.14,0.42,0.35
51099,VA,SE,0.35,2.87,0.14,0.04,0.06,0.14,0.42,0.35
51101,VA,SE,0.35,1.3,0.14,0.04,0.07,0.14,0.42,0.54
51103,VA,SE,0.48,10.51,0.15,0.05,0.79,0.14,0.42,0.36
51109,VA,SE,0.35,13.92,0.14,0.04,0.06,0.14,0.42,22.19
51113,VA,SE,0.42,12.15,0.14,0.04,0.46,0.14,0.42,0.35
51119,VA,SE,0.42,8.21,0.14,0.04,0.2,0.14,0.5,0.35
51127,VA,SE,0.64,1.15,0.14,0.04,0.06,0.14,0.42,0.35
51133,VA,SE,0.7,5.78,0.19,0.04,0.07,0.14,0.45,0.41
51137,VA,SE,0.35,12.85,0.14,0.04,0.06,0.14,0.42,0.35
51145,VA,SE,0.35,18.83,0.14,2.35,0.23,0.14,0.42,0.35
51159,VA,SE,0.36,6.86,0.14,0.04,0.06,0.14,0.42,0.44
51161,VA,SE,0.58,33.65,0.14,0.04,0.16,0.14,0.42,0.35
51193,VA,SE,0.45,4.17,0.14,0.04,0.08,0.14,0.42,0.35
51195,VA,SE,0.35,12.23,0.14,0.04,0.06,0.14,0.42,1.35
51600,VA,SE,0.35,28.5,0.14,0.04,0.06,0.14,0.42,0.83
51685,VA,SE,1.43,69.28,0.14,0.04,0.06,0.14,0.42,5.45
51740,VA,SE,0.35,30,0.14,0.04,0.06,0.14,0.42,0.35
51800,VA,SE,0.35,24.8,0.14,0.04,0.06,0.14,0.42,0.35
53011,WA,PNW,0.59,6.6,0.14,0.04,0.14,0.14,0.42,0.35
53065,WA,PNW,2.93,79.01,0.14,0.04,0.89,0.14,0.8,7.65
53073,WA,PNW,1.13,13.72,0.14,0.04,0.06,0.14,0.42,0.35
53075,WA,PNW,0.47,44.65,0.14,0.04,1.1,0.14,0.44,0.35
54037,WV,SE,0.42,39.95,0.14,0.05,1.39,0.14,0.43,0.35
54043,WV,SE,0.45,50.23,0.14,0.04,1.65,0.18,1.33,0.35
54059,WV,SE,0.42,39.78,0.14,0.04,0.46,0.14,0.86,0.64
54063,WV,SE,0.35,17.16,0.14,0.09,0.77,0.26,0.47,0.35
54067,WV,SE,0.35,19.14,0.14,0.04,0.06,0.14,0.42,0.35
54083,WV,SE,0.35,68.46,0.14,0.04,0.32,0.14,0.42,0.35
55001,WI,EMW,1.32,13.08,0.11,0.91,6.73,0.05,1.08,2.07
55007,WI,EMW,1.3,53.45,0.14,0.3,3.16,0.06,1.03,1.14
55009,WI,EMW,0.83,21.61,0.16,0.16,6.03,0.09,1.42,3.27
55019,WI,EMW,1.4,35.6,0.1,0.27,3.22,0.06,0.98,1.39
55021,WI,EMW,1.43,25.64,0.14,0.41,2.71,0.04,1.55,2.47
55025,WI,EMW,1.3,24.36,0.2,0.14,2.17,0.03,1.03,3.2
55027,WI,EMW,1.33,98.35,0.15,0.26,2.37,0.04,1.02,0.87
55037,WI,EMW,2.23,38.25,0.18,0.23,3.54,0.04,0.85,1
55039,WI,EMW,2.57,108.59,0.26,0.27,1.57,0.04,4.67,2.05
55041,WI,EMW,1.36,20.67,0.19,0.1,3.28,0.08,0.8,0.74
55045,WI,EMW,1.09,31.53,0.12,0.29,2.62,0.04,1,0.83
55047,WI,EMW,1.25,84.66,0.21,0.21,2.75,0.04,0.91,3.71
55049,WI,EMW,1.15,25.92,0.12,0.37,3.12,0.05,1.74,2.12
55055,WI,EMW,1.54,107.96,0.11,0.57,3.29,0.04,1.25,13.97
55063,WI,EMW,1.24,62.07,0.11,0.56,2.18,0.07,1.39,0.56
55078,WI,EMW,2.19,23.51,0.14,0.05,1.57,0.13,0.42,1.66
55079,WI,EMW,0.42,19.16,0.14,0.09,1.84,0.13,0.5,0.43
55081,WI,EMW,1.14,22.11,0.12,0.3,2.41,0.07,0.67,0.59
55085,WI,EMW,0.86,41.41,0.1,0.11,1.81,0.06,1.18,0.48
55087,WI,EMW,1.29,26.38,0.1,0.08,1.96,0.04,0.85,1.57
55089,WI,EMW,1.91,71.93,0.12,0.12,2.55,0.06,1.3,1.26
55095,WI,EMW,2.2,29.68,0.12,0.23,3.45,0.06,1.52,1.25
55097,WI,EMW,1.02,25.06,0.08,0.29,3.48,0.04,0.61,13.82
55099,WI,EMW,0.96,10.92,0.13,0.22,1.76,0.09,1.24,0.47
55105,WI,EMW,1.94,47.52,0.2,0.15,3.8,0.04,1.41,3.76
55107,WI,EMW,1.35,28.83,0.09,0.13,2.39,0.08,1.05,1.55
55109,WI,EMW,0.88,11.47,0.14,0.14,3.25,0.08,1.27,2.75
55111,WI,EMW,1.14,19.87,0.17,0.19,2.33,0.04,1.27,0.72
55113,WI,EMW,0.81,19.11,0.16,0.09,1.54,0.1,0.8,0.97
55117,WI,EMW,0.8,26.72,0.13,0.05,3.55,0.11,0.66,0.36
55121,WI,EMW,0.8,12.73,0.15,0.39,5.75,0.08,1.24,0.47
55123,WI,EMW,1.68,32.65,0.11,0.53,6.66,0.07,1.43,1.33
55127,WI,EMW,1.79,342.97,0.13,0.24,2.45,0.04,1,0.56
55129,WI,EMW,1.71,9.71,0.11,0.22,1.65,0.08,0.78,0.41
55131,WI,EMW,1.33,87.5,0.12,0.21,4.46,0.07,1.11,1.17
55133,WI,EMW,1.45,89.27,0.11,0.17,4.84,0.05,1.04,1.91
55139,WI,EMW,0.76,18.65,0.21,0.08,2.47,0.1,0.65,2.37
56005,WY,PNW,1.3,155.86,0.14,0.04,0.06,0.14,3.46,3.05
56009,WY,PNW,3.15,0.57,0.18,0.04,0.06,0.14,0.42,10.44
56011,WY,PNW,1.56,38.85,0.14,0.04,0.06,0.14,1.75,5.37
56013,WY,PNW,0.36,0.59,0.14,0.04,0.06,0.14,0.48,1.29
56015,WY,PNW,1.64,29.46,0.14,0.04,0.06,0.14,0.86,20.06
56021,WY,PNW,0.63,34.35,0.14,0.04,2.39,0.14,0.43,2.33
56025,WY,PNW,0.35,0.65,0.14,0.04,0.06,0.14,3.18,3.2
56027,WY,PNW,4.89,108.16,0.14,0.04,0.06,0.14,0.42,26.41
56031,WY,PNW,0.57,4.83,0.14,0.04,0.06,0.14,3.33,20.18
56035,WY,PNW,0.41,3.18,0.14,0.04,0.06,0.14,0.43,0.52
56037,WY,PNW,0.35,1.77,0.14,0.04,0.06,0.14,0.42,1.01
56045,WY,PNW,3.26,24.61,0.14,0.04,0.06,0.14,1.19,2.58
